Contract_ID,Plan_Name,Parent_Organization,Plan_Type,Overall_Stars,CAHPS_Domain_Stars,Getting_Needed_Care,Getting_Care_Quickly,Customer_Service,Rating_Health_Quality,Rating_Health_Plan,Care_Coordination
H1339,Johns Hopkins Advantage MD,Johns Hopkins Healthcare LLC,Local CCP,Plan too n,Plan too n,Plan too n,Plan too n,Plan too n,Plan too n,Plan too n,Plan too n
H5718,Devoted Health,"Devoted Health, Inc.",Local CCP,Plan too n,Plan too n,Plan too n,Plan too n,Plan too n,Plan too n,Plan too n,Plan too n
H1206,Aetna Medicare,CVS Health Corporation,Local CCP,Plan too n,Plan too n,Plan too n,Plan too n,Plan too n,Plan too n,Plan too n,Plan too n
H4439,Provider Partners Health Plans,"Rifkin Managed Care Holding, LLC",Local CCP,Plan too n,Plan too n,Plan too n,Plan too n,Plan too n,Plan too n,Plan too n,Plan too n
H9968,American Health Advantage of Pennsylvania,Mitchell Family Office,Local CCP,Plan too n,Plan too n,Plan too n,Plan too n,Plan too n,Plan too n,Plan too n,Plan too n
H4444,Provider Partners Health Plan of Indiana,"Rifkin Managed Care Holding, LLC",Local CCP,Plan too n,Plan too n,Plan too n,Plan too n,Plan too n,Plan too n,Plan too n,Plan too n
H2445,UnitedHealthcare,"UnitedHealth Group, Inc.",Local CCP,Plan too n,Plan too n,Plan too n,Plan too n,Plan too n,Plan too n,Plan too n,Plan too n
H9946,Shared Health Dual Freedom,BlueCross BlueShield of Tennessee,Local CCP,Plan too n,Plan too n,Plan too n,Plan too n,Plan too n,Plan too n,Plan too n,Plan too n
H4471,Anthem Blue Cross,"Elevance Health, Inc.",Local CCP,Plan too n,Plan too n,Plan too n,Plan too n,Plan too n,Plan too n,Plan too n,Plan too n
H2441,Anthem Blue Cross and Blue Shield,"Elevance Health, Inc.",Local CCP,Plan too n,Plan too n,Plan too n,Plan too n,Plan too n,Plan too n,Plan too n,Plan too n
H2819,Blue Shield of California,"California Physicians' Service",Local CCP,Plan too n,Plan too n,Plan too n,Plan too n,Plan too n,Plan too n,Plan too n,Plan too n
H9700,Devoted Health,"Devoted Health, Inc.",Local CCP,Plan too n,Plan too n,Plan too n,Plan too n,Plan too n,Plan too n,Plan too n,Plan too n
H2875,Humana,Humana Inc.,Local CCP,Plan too n,Plan too n,Plan too n,Plan too n,Plan too n,Plan too n,Plan too n,Plan too n
H9690,American Health Advantage of Indiana,Mitchell Family Office,Local CCP,Plan too n,Plan too n,Plan too n,Plan too n,Plan too n,Plan too n,Plan too n,Plan too n
H3038,Molina Healthcare of California,"Molina Healthcare, Inc.",Local CCP,Plan too n,Plan too n,Plan too n,Plan too n,Plan too n,Plan too n,Plan too n,Plan too n
H0421,UnitedHealthcare,"UnitedHealth Group, Inc.",Local CCP,Plan too n,Plan too n,Plan too n,Plan too n,Plan too n,Plan too n,Plan too n,Plan too n
H6170,Champion Heath Plan,"Champion Health Plans-USA, LLC.",Local CCP,Plan too n,Plan too n,Plan too n,Plan too n,Plan too n,Plan too n,Plan too n,Plan too n
H9656,Blue Cross of Idaho,"Gemstone Holdings, Inc.",Local CCP,Plan too n,Plan too n,Plan too n,Plan too n,Plan too n,Plan too n,Plan too n,Plan too n
H5453,Devoted Health,"Devoted Health, Inc.",Local CCP,Plan too n,Plan too n,Plan too n,Plan too n,Plan too n,Plan too n,Plan too n,Plan too n
H1285,UnitedHealthcare Community Plan,"UnitedHealth Group, Inc.",Local CCP,Plan too n,Plan too n,Plan too n,Plan too n,Plan too n,Plan too n,Plan too n,Plan too n
H7980,WellSense Health Plan,"BMC Health System, Inc.",Local CCP,Plan too n,Plan too n,Plan too n,Plan too n,Plan too n,Plan too n,Plan too n,Plan too n
H1526,Gold Kidney Health Plan,Gold Kidney Health Plan,Local CCP,Plan too n,Plan too n,Plan too n,Plan too n,Plan too n,Plan too n,Plan too n,Plan too n
H3551,eternalHealth,"Eternal Health of Delaware, Inc.",Local CCP,Plan too n,Plan too n,Plan too n,Plan too n,Plan too n,Plan too n,Plan too n,Plan too n
H3048,SECUR Health Plan,Chapters CareNu Inc,Local CCP,Plan too n,Plan too n,Plan too n,Plan too n,Plan too n,Plan too n,Plan too n,Plan too n
H9529,WyoBlue Advantage,Blue Cross Blue Shield of Michigan Mutual Ins. Co.,Local CCP,Plan too n,Plan too n,Plan too n,Plan too n,Plan too n,Plan too n,Plan too n,Plan too n
H1619,Jefferson Health Plans,Thomas Jefferson University,Local CCP,Plan too n,Plan too n,Plan too n,Plan too n,Plan too n,Plan too n,Plan too n,Plan too n
H9179,Trinity Health Plan of Michigan,Trinity Health Corporation,Local CCP,Plan too n,Plan too n,Plan too n,Plan too n,Plan too n,Plan too n,Plan too n,Plan too n
H6248,Community Health Group,Community Health Group,Local CCP,Plan too n,Plan too n,Plan too n,Plan too n,Plan too n,Plan too n,Plan too n,Plan too n
H4499,Sentara Medicare,Sentara Health Care (SHC),Local CCP,Plan too n,Plan too n,Plan too n,Plan too n,Plan too n,Plan too n,Plan too n,Plan too n
H3124,Jefferson Health Plans,Thomas Jefferson University,Local CCP,Plan too n,Plan too n,Plan too n,Plan too n,Plan too n,Plan too n,Plan too n,Plan too n
H6474,Champion Health Plan,"Champion Health Plans-USA, LLC.",Local CCP,Plan too n,Plan too n,Plan too n,Plan too n,Plan too n,Plan too n,Plan too n,Plan too n
H3138,Kaiser Permanente,"Kaiser Foundation Health Plan, Inc.",Local CCP,Plan too n,Plan too n,Plan too n,Plan too n,Plan too n,Plan too n,Plan too n,Plan too n
H5361,AmeriHealth,"Independence Health Group, Inc.",Local CCP,Plan too n,Plan too n,Plan too n,Plan too n,Plan too n,Plan too n,Plan too n,Plan too n
H6727,University of Michigan Health Plan,University of Michigan Health,Local CCP,Plan too n,Plan too n,Plan too n,Plan too n,Plan too n,Plan too n,Plan too n,Plan too n
H6876,Zing Health,"Zing Health Consolidator, Inc",Local CCP,Plan too n,Plan too n,Plan too n,Plan too n,Plan too n,Plan too n,Plan too n,Plan too n
H4618,"Sonder Health Plans, Inc.","Avian Health Holdings, LLC",Local CCP,Plan too n,Plan too n,Plan too n,Plan too n,Plan too n,Plan too n,Plan too n,Plan too n
H8947,Peak Health,"West Virginia United Health System, Inc.",Local CCP,Plan too n,Plan too n,Plan too n,Plan too n,Plan too n,Plan too n,Plan too n,Plan too n
H8917,Devoted Health,"Devoted Health, Inc.",Local CCP,Plan too n,Plan too n,Plan too n,Plan too n,Plan too n,Plan too n,Plan too n,Plan too n
H2096,Shared Health Dual Freedom,BlueCross BlueShield of Tennessee,Local CCP,Plan too n,Plan too n,Plan too n,Plan too n,Plan too n,Plan too n,Plan too n,Plan too n
H0845,UnitedHealthcare,"UnitedHealth Group, Inc.",Local CCP,Plan too n,Plan too n,Plan too n,Plan too n,Plan too n,Plan too n,Plan too n,Plan too n
H8879,"Healthy Mississippi, Inc.",Singh Holdings LLC,Local CCP,Plan too n,Plan too n,Plan too n,Plan too n,Plan too n,Plan too n,Plan too n,Plan too n
H8832,Alignment Health Plan,"Alignment Healthcare USA, LLC",Local CCP,Plan too n,Plan too n,Plan too n,Plan too n,Plan too n,Plan too n,Plan too n,Plan too n
H8823,Sentara Medicare,Sentara Health Care (SHC),Local CCP,Plan too n,Plan too n,Plan too n,Plan too n,Plan too n,Plan too n,Plan too n,Plan too n
H8794,Kaiser Permanente,"Kaiser Foundation Health Plan, Inc.",Local CCP,Plan too n,Plan too n,Plan too n,Plan too n,Plan too n,Plan too n,Plan too n,Plan too n
H0976,SCAN Health Plan,SCAN Group,Local CCP,Plan too n,Plan too n,Plan too n,Plan too n,Plan too n,Plan too n,Plan too n,Plan too n
H2041,Devoted Health,"Devoted Health, Inc.",Local CCP,Plan too n,Plan too n,Plan too n,Plan too n,Plan too n,Plan too n,Plan too n,Plan too n
H5309,Aetna Medicare,CVS Health Corporation,Local CCP,Plan too n,Plan too n,Plan too n,Plan too n,Plan too n,Plan too n,Plan too n,Plan too n
H7710,Highmark Blue Cross Blue Shield,Highmark Health,Local CCP,Plan too n,Plan too n,Plan too n,Plan too n,Plan too n,Plan too n,Plan too n,Plan too n
H4647,UCLA Health Medicare Advantage Plan,The Regents of the University of California,Local CCP,Plan too n,Plan too n,Plan too n,Plan too n,Plan too n,Plan too n,Plan too n,Plan too n
H7239,Prominence Health Plan,"Universal Health Services, Inc.",Local CCP,Plan too n,Plan too n,Plan too n,Plan too n,Plan too n,Plan too n,Plan too n,Plan too n
H7355,Devoted Health,"Devoted Health, Inc.",Local CCP,Plan too n,Plan too n,Plan too n,Plan too n,Plan too n,Plan too n,Plan too n,Plan too n
H4661,Wellcare,Centene Corporation,Local CCP,Plan too n,Plan too n,Plan too n,Plan too n,Plan too n,Plan too n,Plan too n,Plan too n
H5244,SCAN Health Plan New Mexico,SCAN Group,Local CCP,Plan too n,Plan too n,Plan too n,Plan too n,Plan too n,Plan too n,Plan too n,Plan too n
H7397,Devoted Health,"Devoted Health, Inc.",Local CCP,Plan too n,Plan too n,Plan too n,Plan too n,Plan too n,Plan too n,Plan too n,Plan too n
H4694,Anthem HealthKeepers,"Elevance Health, Inc.",Local CCP,Plan too n,Plan too n,Plan too n,Plan too n,Plan too n,Plan too n,Plan too n,Plan too n
H4704,Anthem Blue Cross Life and Health Insurance Compan,"Elevance Health, Inc.",Local CCP,Plan too n,Plan too n,Plan too n,Plan too n,Plan too n,Plan too n,Plan too n,Plan too n
H7471,Devoted Health,"Devoted Health, Inc.",Local CCP,Plan too n,Plan too n,Plan too n,Plan too n,Plan too n,Plan too n,Plan too n,Plan too n
H8320,Devoted Health,"Devoted Health, Inc.",Local CCP,Plan too n,Plan too n,Plan too n,Plan too n,Plan too n,Plan too n,Plan too n,Plan too n
H5163,Verda Health Plan of Texas,"Verda Healthcare, Inc.",Local CCP,Plan too n,Plan too n,Plan too n,Plan too n,Plan too n,Plan too n,Plan too n,Plan too n
H0710,UnitedHealthcare,"UnitedHealth Group, Inc.",Local CCP,5,Not enough,Plan too s,Plan too s,Plan too s,Plan too s,Plan too s,Plan too s
H5215,Network Health Medicare Advantage Plans,"Network Health, Inc.",Local CCP,5,5,5,5,5,5,5,"5"
H5296,Alignment Health Plan,"Alignment Healthcare USA, LLC",Local CCP,5,5,3,4,5,5,5,"5"
H5431,"HealthSun Health Plans, Inc.","Elevance Health, Inc.",Local CCP,5,5,5,5,5,5,5,"5"
H3957,Highmark Blue Cross Blue Shield or Highmark Blue S,Highmark Health,Local CCP,5,5,5,4,5,5,4,"5"
H4286,"Leon Health, Inc.","LMC Family Holdings, LLC",Local CCP,5,5,5,5,5,5,5,"5"
H5577,MCS Classicare,"MHH Healthcare, L.P.",Local CCP,5,4,2,3,4,5,5,"4"
H5652,UnitedHealthcare,"UnitedHealth Group, Inc.",Local CCP,5,4,3,5,5,5,5,"3"
H5594,"Optimum HealthCare, Inc.","Elevance Health, Inc.",Local CCP,5,4,5,5,3,4,5,"4"
R6694,Aetna Medicare,CVS Health Corporation,Regional CCP,4.5,4,5,5,3,4,3,"4"
H4152,Blue Cross & Blue Shield of Rhode Island,Blue Cross & Blue Shield of Rhode Island,Local CCP,4.5,4,3,4,5,4,5,"3"
H4961,Alignment Health Plan,"Alignment Healthcare USA, LLC",Local CCP,4.5,4,3,3,3,4,4,"4"
H3597,Aetna Medicare,CVS Health Corporation,Local CCP,4.5,4,3,4,3,4,4,"5"
H8142,Baylor Scott & White Health Plan,Baylor Scott & White Holdings,Local CCP,4.5,5,5,4,4,5,5,"5"
H8093,Georgia Health Advantage,Mitchell Family Office,Local CCP,4.5,Not enough,Plan too s,Plan too s,Plan too s,Plan too s,Plan too s,Plan too s
H5015,Texas Independence Health Plan,Regency ISNP Holdings LLC,Local CCP,4.5,Not enough,Plan too s,Plan too s,Plan too s,Plan too s,Plan too s,Plan too s
H1290,Devoted Health,"Devoted Health, Inc.",Local CCP,4.5,4,3,4,5,3,5,"4"
H3664,PrimeTime Health Plan,Aultman Health Foundation,Local CCP,4.5,5,5,5,5,5,5,"5"
H3557,Blue Cross & Blue Shield of Rhode Island,Blue Cross & Blue Shield of Rhode Island,Local CCP,4.5,4,4,4,5,4,5,"4"
H1248,Blue Cross and Blue Shield of Louisiana,Louisiana Health Service & Indemnity Company,Local CCP,4.5,5,5,5,5,5,5,"5"
H1537,UnitedHealthcare,"UnitedHealth Group, Inc.",Local CCP,4.5,4,4,4,4,5,5,"4"
H7917,BlueCross BlueShield of Tennessee,BlueCross BlueShield of Tennessee,Local CCP,4.5,5,5,5,5,5,5,"5"
H5042,CDPHP Medicare Advantage,"Capital District Physicians' Health Plan, Inc.",Local CCP,4.5,5,4,5,5,4,5,"4"
H1230,Kaiser Permanente,"Kaiser Foundation Health Plan, Inc.",Local CCP,4.5,3,3,2,4,4,4,"2"
H5106,Highmark Blue Cross Blue Shield,Highmark Health,Local CCP,4.5,5,5,5,5,4,5,"5"
H3668,MediGold,Trinity Health Corporation,Local CCP,4.5,5,5,5,5,4,5,"3"
H3672,The Health Plan,"The Health Plan of West Virginia, Inc.",Local CCP,4.5,5,5,5,5,5,5,"5"
H4875,Priority Health Medicare,Corewell Health,Local CCP,4.5,4,4,4,4,4,4,"4"
H7646,University of Michigan Health Plan,University of Michigan Health,Local CCP,4.5,5,4,4,5,5,5,"5"
H7617,Humana,Humana Inc.,Local CCP,4.5,5,5,5,4,5,5,"5"
H1692,Aetna Medicare,CVS Health Corporation,Local CCP,4.5,5,5,5,5,4,5,"5"
H3449,Blue Cross and Blue Shield of North Carolina,Blue Cross and Blue Shield of North Carolina,Local CCP,4.5,5,5,4,5,4,4,"5"
H1170,Kaiser Permanente,"Kaiser Foundation Health Plan, Inc.",Local CCP,4.5,4,3,3,3,5,4,"3"
H1119,Valor Health Plan,"The Schroer Group, Inc.",Local CCP,4.5,Not enough,Plan too s,Plan too s,Plan too s,Plan too s,Plan too s,Plan too s
H1099,"Health First Health Plans, Inc.","Health First Shared Services, Inc.",Local CCP,4.5,4,4,4,5,5,4,"4"
H1045,UnitedHealthcare,"UnitedHealth Group, Inc.",Local CCP,4.5,4,5,5,3,4,4,"4"
H8385,Align powered by Sanford Health Plan,Sanford Health,Local CCP,4.5,4,5,4,3,4,4,"5"
H3404,Blue Cross and Blue Shield of North Carolina,Blue Cross and Blue Shield of North Carolina,Local CCP,4.5,5,4,5,5,5,5,"5"
H3388,CDPHP Medicare Advantage,"Capital District Physicians' Health Plan, Inc.",Local CCP,4.5,5,5,5,5,5,5,"4"
H8604,The Health Plan,"The Health Plan of West Virginia, Inc.",Local CCP,4.5,5,5,5,5,4,5,"4"
H3384,Highmark Blue Cross Blue Shield or Highmark Blue S,Highmark Health,Local CCP,4.5,4,5,5,3,4,2,"3"
H3362,Independent Health,"Independent Health Association, Inc.",Local CCP,4.5,5,5,5,5,5,5,"3"
H3359,Healthfirst Medicare Plan,"Healthfirst, Inc.",Local CCP,4.5,3,3,Not enough,3,Not enough,4,"3"
H1016,AvMed Medicare,Sentara Health Care (SHC),Local CCP,4.5,4,3,4,5,4,4,"5"
H3344,Independent Health,"Independent Health Association, Inc.",Local CCP,4.5,5,5,5,5,5,5,"4"
H5299,Devoted Health,"Devoted Health, Inc.",Local CCP,4.5,5,4,4,5,5,5,"5"
H7149,Aetna Medicare,CVS Health Corporation,Local CCP,4.5,4,5,4,4,4,4,"5"
H5302,Aetna Medicare,CVS Health Corporation,Local CCP,4.5,4,4,4,4,4,5,"4"
H4527,UnitedHealthcare,"UnitedHealth Group, Inc.",Local CCP,4.5,4,5,5,4,4,5,"3"
H8783,UCare,UCare Minnesota,Local CCP,4.5,4,5,4,3,5,3,"5"
H7028,Devoted Health,"Devoted Health, Inc.",Local CCP,4.5,5,5,4,5,4,5,"5"
H3907,UPMC for Life,UPMC Health System,Local CCP,4.5,5,5,5,5,5,5,"5"
H3305,MVP HEALTH CARE,"MVP Health Care, Inc.",Local CCP,4.5,5,4,5,5,4,5,"4"
H5325,Aetna Medicare,CVS Health Corporation,Local CCP,4.5,5,5,4,5,5,5,"4"
H3916,Highmark Blue Cross Blue Shield or Highmark Blue S,Highmark Health,Local CCP,4.5,4,3,4,4,4,4,"4"
H3259,BlueCare Plus Tennessee,BlueCross BlueShield of Tennessee,Local CCP,4.5,5,5,5,5,5,5,"4"
H3923,Capital Blue Cross,CAPITAL BLUE CROSS,Local CCP,4.5,4,5,4,4,4,4,"5"
H2172,Kaiser Permanente,"Kaiser Foundation Health Plan, Inc.",Local CCP,4.5,3,2,2,3,4,4,"3"
H3924,Geisinger Gold,"Risant Health, Inc.",Local CCP,4.5,5,3,4,5,5,5,"5"
H5420,UnitedHealthcare,"UnitedHealth Group, Inc.",Local CCP,4.5,4,3,4,4,5,5,"5"
H3928,Aetna Medicare,CVS Health Corporation,Local CCP,4.5,5,5,5,4,5,5,Not enough
H0609,UnitedHealthcare,"UnitedHealth Group, Inc.",Local CCP,4.5,3,3,3,3,4,4,"3"
H4513,Cigna Healthcare,The Cigna Group,Local CCP,4.5,5,5,5,5,5,4,"3"
H5425,SCAN Health Plan,SCAN Group,Local CCP,4.5,3,2,2,3,3,5,"2"
H3952,Independence Blue Cross,"Independence Health Group, Inc.",Local CCP,4.5,4,4,4,5,4,5,"4"
H0524,Kaiser Permanente,"Kaiser Foundation Health Plan, Inc.",Local CCP,4.5,3,2,2,5,3,4,"2"
H9572,Blue Cross Blue Shield of Michigan,Blue Cross Blue Shield of Michigan Mutual Ins. Co.,Local CCP,4.5,4,4,5,3,3,4,"3"
H3954,Geisinger Gold,"Risant Health, Inc.",Local CCP,4.5,4,3,4,5,4,4,"5"
H3959,Aetna Medicare,CVS Health Corporation,Local CCP,4.5,5,5,4,5,5,5,"5"
H2292,UnitedHealthcare,"UnitedHealth Group, Inc.",Local CCP,4.5,Not enough,Plan too s,Plan too s,Plan too s,Plan too s,Plan too s,Plan too s
H3962,Capital Blue Cross,CAPITAL BLUE CROSS,Local CCP,4.5,5,5,5,5,5,4,"5"
H2320,Priority Health Medicare,Corewell Health,Local CCP,4.5,4,3,4,5,4,4,"5"
H5471,"Simply Healthcare Plans, Inc.","Elevance Health, Inc.",Local CCP,4.5,4,4,4,4,5,5,"4"
H5521,Aetna Medicare,CVS Health Corporation,Local CCP,4.5,4,3,4,3,5,4,"5"
H0332,KelseyCare Advantage,"UnitedHealth Group, Inc.",Local CCP,4.5,4,2,1,5,5,5,"4"
H5522,Aetna Medicare,CVS Health Corporation,Local CCP,4.5,4,4,5,4,4,4,"5"
H4003,Medicare y Mucho Mas,"Elevance Health, Inc.",Local CCP,4.5,3,2,2,3,4,5,"3"
H9808,"CARE N' CARE INSURANCE COMPANY OF NORTH CAROLINA","HTA Holdings, LLC",Local CCP,4.5,5,5,5,5,5,5,"5"
H5533,UPMC for Life,UPMC Health System,Local CCP,4.5,5,4,5,5,4,5,"5"
H0292,Humana,Humana Inc.,Local CCP,4.5,5,5,5,4,5,5,"5"
H5938,Capital Health Plan,Guidewell Mutual Holding Corporation,Local CCP,4.5,5,5,5,5,5,5,"2"
H9834,Quartz Medicare Advantage,University of Wisconsin Hospitals and Clincs Autho,Local CCP,4.5,4,4,4,5,4,4,"5"
H4461,Humana,Humana Inc.,Local CCP,4.5,5,5,5,4,5,5,"5"
H2697,Devoted Health,"Devoted Health, Inc.",Local CCP,4.5,4,3,3,5,5,5,"3"
H5932,Highmark Wholecare Medicare Assured,Highmark Health,Local CCP,4.5,5,5,4,4,5,5,"4"
H5900,Wellmark Advantage Health Plan,Blue Cross Blue Shield of Michigan Mutual Ins. Co.,Local CCP,4.5,5,5,5,4,5,4,"5"
H5593,Aetna Medicare,CVS Health Corporation,Local CCP,4.5,4,5,4,3,4,4,"4"
H2461,Blue Cross and Blue Shield of Minnesota,"Aware Integrated, Inc.",1876 Cost,4.5,4,3,3,4,4,5,"5"
H5883,Blue Care Network,Blue Cross Blue Shield of Michigan Mutual Ins. Co.,Local CCP,4.5,4,4,4,3,4,4,"4"
H2663,Aetna Medicare,CVS Health Corporation,Local CCP,4.5,4,4,4,3,5,5,"4"
H2610,Essence Healthcare,Lumeris Group Holdings Corporation,Local CCP,4.5,5,5,5,5,5,5,"5"
H2526,Devoted Health,"Devoted Health, Inc.",Local CCP,4.5,5,5,4,5,5,5,"4"
H7993,Devoted Health,"Devoted Health, Inc.",Local CCP,4.5,4,3,4,5,4,5,"4"
H3660,SummaCare Medicare Advantage Plans,Summa Health,Local CCP,4.5,5,5,5,5,5,5,"5"
H4279,UPMC for Life Complete Care,UPMC Health System,Local CCP,4,4,3,3,4,4,5,"4"
H2416,PrimeWest Health,PrimeWest Rural MN Health Care Access Initiative,Local CCP,4,4,4,4,4,3,4,"4"
H2624,"CARE N' CARE INSURANCE COMPANY OF NORTH CAROLINA","HTA Holdings, LLC",Local CCP,4,5,5,5,5,4,5,"5"
H5793,Aetna Medicare,CVS Health Corporation,Local CCP,4,3,3,2,3,4,4,"3"
H2459,UCare,UCare Minnesota,Local CCP,4,4,3,3,4,4,5,"5"
H2450,Medica,Medica Holding Company,1876 Cost,4,4,5,5,4,4,3,"5"
H5591,"Martin's Point Generations Advantage","Martin's Point Health Care, Inc.",Local CCP,4,4,2,2,5,3,5,"4"
H2422,HealthPartners,"HealthPartners, Inc.",Local CCP,4,3,3,2,3,4,4,"4"
H5945,Prominence Health Plan,"Universal Health Services, Inc.",Local CCP,4,3,3,3,3,4,4,"3"
H2802,UnitedHealthcare,"UnitedHealth Group, Inc.",Local CCP,4,4,5,4,3,3,4,"4"
H5526,Highmark Blue Cross Blue Shield or Highmark Blue S,Highmark Health,Local CCP,4,4,5,4,3,4,2,"3"
H2406,UnitedHealthcare,"UnitedHealth Group, Inc.",Local CCP,4,3,3,3,3,3,4,"3"
H5959,Blue Cross and Blue Shield of Minnesota,"Aware Integrated, Inc.",Local CCP,4,4,3,3,5,4,3,"5"
H2392,Kansas Health Advantage,Kansas Superior Select,Local CCP,4,Not enough,Plan too s,Plan too s,Plan too s,Plan too s,Plan too s,Plan too s
H2354,HAP Senior Plus,Henry Ford Health System,Local CCP,4,4,3,3,4,3,4,"4"
H2942,Cox HealthPlans,CoxHealth,Local CCP,4,4,4,3,4,4,3,"4"
H2960,Senior Care Plus,Renown Health,Local CCP,4,4,4,4,4,4,3,"5"
H2962,Ultimate Health Plans,"Ultimate Healthcare Holdings, LLC",Local CCP,4,4,3,4,4,3,5,"2"
H2322,HAP Senior Plus (PPO),Henry Ford Health System,Local CCP,4,3,3,4,4,3,3,"3"
H2293,Aetna Medicare,CVS Health Corporation,Local CCP,4,4,3,4,3,4,4,"3"
H2256,Tufts Health Plan,"Point32Health, Inc.",Local CCP,4,4,3,3,4,5,5,"4"
H6200,Essence Healthcare,Lumeris Group Holdings Corporation,Local CCP,4,4,4,4,3,4,4,"4"
H6202,NextBlue of North Dakota,Blue Cross Blue Shield of Michigan Mutual Ins. Co.,Local CCP,4,5,5,5,5,4,4,"5"
H5427,"Freedom Health, Inc.","Elevance Health, Inc.",Local CCP,4,3,2,4,2,2,3,"3"
H2235,BayCare Health Plans,"BayCare Health System, Inc.",Local CCP,4,5,5,4,4,5,5,"5"
H6306,FirstMedicare Direct,The Carle Foundation,Local CCP,4,5,5,5,5,5,5,"5"
H6529,MyTruAdvantage,"SIHO Holding, Inc.",Local CCP,4,5,4,5,5,5,4,"5"
H3146,Aetna Medicare,CVS Health Corporation,Local CCP,4,4,3,4,4,3,5,"5"
H3152,Aetna Medicare,CVS Health Corporation,Local CCP,4,4,3,4,4,4,5,"4"
H6595,UnitedHealthcare,"UnitedHealth Group, Inc.",Local CCP,4,4,5,5,5,4,4,"3"
H5386,Sharp Health Plan,Sharp Healthcare,Local CCP,4,4,2,2,5,5,5,"3"
H5377,Humana,Humana Inc.,Local CCP,4,4,5,4,4,4,3,"4"
H3219,Allina Health Aetna Medicare,Allina Health and Aetna Insurance Holding Company,Local CCP,4,4,3,3,3,4,4,"4"
H3239,Aetna Medicare,CVS Health Corporation,Local CCP,4,4,5,4,5,4,5,"3"
H5374,Longevity Health Plan,"Longevity Health Founders, LLC",Local CCP,4,Not enough,Plan too s,Plan too s,Plan too s,Plan too s,Plan too s,Plan too s
H6723,Medical Mutual of Ohio,MEDICAL MUTUAL OF OHIO,Local CCP,4,5,5,5,5,4,4,"4"
H3256,UnitedHealthcare,"UnitedHealth Group, Inc.",Local CCP,4,5,5,5,5,4,5,"3"
H6874,Aspirus Health Plan,"Aspirus, Inc.",Local CCP,4,4,5,4,4,3,3,"5"
H6910,Saint Alphonsus Health Plan,Trinity Health Corporation,Local CCP,4,4,3,3,4,4,4,"4"
H5322,UnitedHealthcare,"UnitedHealth Group, Inc.",Local CCP,4,4,4,4,3,4,5,"3"
H7020,Cigna Healthcare,The Cigna Group,Local CCP,4,5,5,5,4,4,4,"5"
H7147,Devoted Health,"Devoted Health, Inc.",Local CCP,4,3,2,2,5,3,4,"3"
H2001,UnitedHealthcare,"UnitedHealth Group, Inc.",Local CCP,4,4,3,4,4,4,4,"3"
H1994,Select Health,"Intermountain Health Care, Inc.",Local CCP,4,4,4,5,3,4,4,"4"
H3335,"Excellus Health Plan, Inc","Lifetime Healthcare, Inc.",Local CCP,4,4,4,5,4,3,3,"3"
H1993,Astiva Health,Astiva Health Holdings Incorporated,Local CCP,4,4,5,Not enough,5,3,4,"5"
H1969,Regence BlueShield of Idaho,"Cambia Health Solutions, Inc.",Local CCP,4,4,5,5,5,4,2,"5"
H3351,"Excellus Health Plan, Inc","Lifetime Healthcare, Inc.",Local CCP,4,4,4,3,3,4,5,"4"
H1961,Peoples Health,"UnitedHealth Group, Inc.",Local CCP,4,5,5,4,5,5,5,"5"
H1951,Humana,Humana Inc.,Local CCP,4,5,5,4,4,5,5,"5"
H5262,Quartz Medicare Advantage,University of Wisconsin Hospitals and Clincs Autho,Local CCP,4,4,3,4,5,5,4,"5"
H7151,Devoted Health,"Devoted Health, Inc.",Local CCP,4,3,2,2,4,3,4,"3"
H5253,UnitedHealthcare,"UnitedHealth Group, Inc.",Local CCP,4,4,4,4,4,4,3,"5"
H7301,Aetna Medicare,CVS Health Corporation,Local CCP,4,4,4,4,3,3,4,"4"
H1889,UnitedHealthcare,"UnitedHealth Group, Inc.",Local CCP,4,4,4,4,3,4,5,"3"
H1846,MediGold,Trinity Health Corporation,Local CCP,4,4,5,5,4,4,4,"4"
H7522,Medicare y Mucho Mas,"Elevance Health, Inc.",Local CCP,4,4,4,4,4,5,5,Not enough
H5211,"Security Health Plan of Wisconsin, Inc.","Marshfield Clinic Health System, Inc.",Local CCP,4,4,3,4,5,2,3,"5"
H7605,Devoted Health,"Devoted Health, Inc.",Local CCP,4,4,3,4,5,3,4,Not enough
H7680,Prominence Health Plan,"Universal Health Services, Inc.",Local CCP,4,4,3,4,5,4,5,"3"
H5141,Clover Health,"Clover Health Holdings, Inc.",Local CCP,4,3,3,2,3,4,3,"4"
H7787,Cigna Healthcare,The Cigna Group,Local CCP,4,3,4,4,2,4,2,"4"
H5050,Kaiser Permanente,"Kaiser Foundation Health Plan, Inc.",Local CCP,4,3,2,1,5,3,2,"4"
H1609,Aetna Medicare,CVS Health Corporation,Local CCP,4,4,4,3,3,4,4,"4"
H1608,Aetna Medicare,CVS Health Corporation,Local CCP,4,4,5,4,3,4,4,"4"
H1468,Humana,Humana Inc.,Local CCP,4,4,3,4,4,4,4,"5"
H8003,Blue Cross Blue Shield of South Carolina,BlueCross BlueShield of South Carolina (BCBSSC),Local CCP,4,4,4,5,5,3,4,"3"
H8145,Humana,Humana Inc.,PFFS,4,5,5,5,4,5,4,"5"
H3653,Paramount Elite Medicare Plans,MEDICAL MUTUAL OF OHIO,Local CCP,4,5,5,4,5,5,5,"5"
H8166,Highmark Blue Cross Blue Shield,Highmark Health,Local CCP,4,3,2,3,5,2,4,"2"
H8173,Devoted Health,"Devoted Health, Inc.",Local CCP,4,3,3,3,5,3,4,"2"
H1278,UnitedHealthcare,"UnitedHealth Group, Inc.",Local CCP,4,3,3,4,3,4,3,"3"
H8181,Blue Cross and Blue Shield of Nebraska,Blue Cross Blue Shield of Nebraska,Local CCP,4,4,5,5,4,5,2,"4"
H8189,Wellcare by Allwell,Centene Corporation,Local CCP,4,4,4,4,3,3,3,"5"
H3706,GlobalHealth,"MHH Healthcare, L.P.",Local CCP,4,4,5,4,5,4,4,"3"
H4882,HealthPartners,"HealthPartners, Inc.",Local CCP,4,4,3,2,5,4,5,"4"
H3755,CommunityCare Senior Health Plan (HMO),St Francis Health System & St John Health System,Local CCP,4,4,4,4,5,4,5,"3"
H3777,Experience Health,Blue Cross and Blue Shield of North Carolina,Local CCP,4,4,3,4,4,5,4,"5"
H3794,UnitedHealthcare,"UnitedHealth Group, Inc.",Local CCP,4,4,3,4,3,4,4,"3"
H8332,Aetna Medicare,CVS Health Corporation,Local CCP,4,4,4,4,4,4,3,"4"
H3805,UnitedHealthcare,"UnitedHealth Group, Inc.",Local CCP,4,3,2,3,3,3,3,"5"
H8379,Priority Health Medicare,Corewell Health,Local CCP,4,4,4,4,3,5,4,"3"
H1109,Aetna Medicare,CVS Health Corporation,Local CCP,4,4,4,4,4,3,4,"3"
H1036,Humana,Humana Inc.,Local CCP,4,4,3,4,3,4,5,"3"
H3815,Alignment Health Plan,"Alignment Healthcare USA, LLC",Local CCP,4,2,1,1,2,3,4,"1"
H1019,"CarePlus Health Plans, Inc.",Humana Inc.,Local CCP,4,4,3,4,4,5,5,"3"
H3822,"Blue Cross and Blue Shield of IL, NM",Health Care Service Corporation,Local CCP,4,3,3,3,3,4,2,"4"
H4605,Regence BlueCross BlueShield of Utah,"Cambia Health Solutions, Inc.",Local CCP,4,5,5,5,4,5,4,"4"
H0982,Solis Health Plans,"Athena Healthcare Holdings, LLC",Local CCP,4,5,5,5,5,5,5,"5"
H4523,Aetna Medicare,CVS Health Corporation,Local CCP,4,4,4,4,1,5,4,"3"
H0755,UnitedHealthcare,"UnitedHealth Group, Inc.",Local CCP,4,4,3,4,3,4,3,"4"
H3909,Independence Blue Cross,"Independence Health Group, Inc.",Local CCP,4,4,3,4,5,4,4,"3"
H9001,Fallon Health,"Fallon Community Health Plan, Inc.",Local CCP,4,4,3,4,5,4,5,"3"
H0630,Kaiser Permanente,"Kaiser Foundation Health Plan, Inc.",Local CCP,4,3,1,1,5,4,5,"4"
H0628,Aetna Medicare,CVS Health Corporation,Local CCP,4,4,4,3,5,5,5,"3"
H9003,Kaiser Permanente,"Kaiser Foundation Health Plan, Inc.",Local CCP,4,2,1,1,3,2,3,"2"
H9042,MyTruAdvantage,"SIHO Holding, Inc.",Local CCP,4,5,4,5,4,5,5,"4"
H9047,Providence Medicare Advantage Plans,Providence St Joseph Health,Local CCP,4,3,2,2,4,3,4,"4"
H9096,Dean Advantage,Medica Holding Company,Local CCP,4,4,3,3,4,4,2,"5"
H0473,Humana,Humana Inc.,Local CCP,4,4,5,4,3,5,4,"4"
H0439,Cigna Healthcare,The Cigna Group,Local CCP,4,4,5,5,3,4,4,"5"
H9686,Alignment Health Plan,"Alignment Healthcare USA, LLC",Local CCP,4,3,2,4,4,3,3,"3"
H0354,Cigna Healthcare,The Cigna Group,Local CCP,4,3,3,4,3,3,4,"2"
H4497,Medical Mutual of Ohio,MEDICAL MUTUAL OF OHIO,Local CCP,4,5,5,4,5,5,5,"5"
H3979,Blue Cross and Blue Shield of Oklahoma,Health Care Service Corporation,Local CCP,4,4,5,4,4,4,4,"4"
H9725,Cigna Healthcare,The Cigna Group,Local CCP,4,5,5,5,3,5,4,"5"
H4004,PMC Medicare Choice,"Elevance Health, Inc.",Local CCP,4,3,1,4,3,4,5,"3"
H0251,UnitedHealthcare,"UnitedHealth Group, Inc.",Local CCP,4,4,5,4,4,5,5,"3"
H4007,Humana,Humana Inc.,Local CCP,4,4,2,2,3,5,5,"4"
H4036,Anthem Blue Cross and Blue Shield,"Elevance Health, Inc.",Local CCP,4,3,4,3,3,3,4,"3"
H0169,UnitedHealthcare,"UnitedHealth Group, Inc.",Local CCP,4,3,3,4,3,3,4,"3"
H0154,VIVA Medicare,"Triton Health Systems, L.L.C.",Local CCP,4,5,5,5,5,5,5,"3"
R0759,UnitedHealthcare,"UnitedHealth Group, Inc.",Regional CCP,4,4,5,4,Not enough,4,3,"4"
H4140,"Doctors HealthCare Plans, Inc.","DOCTORS HEALTHCARE PLANS, INC.",Local CCP,4,5,4,5,5,5,5,"5"
H4141,Humana,Humana Inc.,Local CCP,4,4,5,4,4,4,5,"3"
H0104,Blue Cross and Blue Shield of Alabama,BlueCross BlueShield of Alabama,Local CCP,4,5,5,5,5,4,5,"3"
H4407,Cigna Healthcare,The Cigna Group,Local CCP,4,5,5,5,5,4,3,"5"
H4172,NHC Advantage,"Missouri Healthcare Advisors, LLC",Local CCP,4,Not enough,Plan too s,Plan too s,Plan too s,Plan too s,Plan too s,Plan too s
H5774,Triple S Advantage,Guidewell Mutual Holding Corporation,Local CCP,4,3,1,3,3,5,5,"3"
H0028,Humana,Humana Inc.,Local CCP,3.5,4,3,4,4,3,4,"3"
H7123,UPMC for Life Complete Care,UPMC Health System,Local CCP,3.5,4,4,4,5,3,4,Not enough
H4213,Arkansas Blue Medicare,USAble Mutual Insurance Company,PFFS,3.5,4,5,5,4,4,2,"5"
H4604,UnitedHealthcare,"UnitedHealth Group, Inc.",Local CCP,3.5,3,3,2,2,3,3,"3"
R5941,Anthem Blue Cross and Blue Shield,"Elevance Health, Inc.",Regional CCP,3.5,4,5,4,3,5,3,"4"
H4073,Wellcare,Centene Corporation,Local CCP,3.5,Not enough,3,Not enough,Not enough,3,3,Not enough
R5361,Humana,Humana Inc.,Regional CCP,3.5,4,4,5,Not enough,4,2,"5"
R4487,Anthem Blue Cross and Blue Shield,"Elevance Health, Inc.",Regional CCP,3.5,4,5,5,3,5,2,"5"
H4005,Triple-S Advantage,Guidewell Mutual Holding Corporation,Local CCP,3.5,3,1,3,2,4,4,"3"
H3975,Wellcare,Centene Corporation,Local CCP,3.5,4,5,5,2,4,2,"5"
H3949,Cigna Healthcare,The Cigna Group,Local CCP,3.5,3,3,3,3,Not enough,2,"5"
H4506,Wellcare,Centene Corporation,Local CCP,3.5,3,4,4,3,3,2,"3"
H3931,Aetna Medicare,CVS Health Corporation,Local CCP,3.5,3,3,3,3,3,4,"3"
H4514,UnitedHealthcare,"UnitedHealth Group, Inc.",Local CCP,3.5,4,4,4,2,4,4,"3"
R4182,Humana,Humana Inc.,Regional CCP,3.5,4,5,5,3,5,2,"4"
H3864,PacificSource Medicare,PacificSource,Local CCP,3.5,3,2,2,5,2,4,"4"
H4544,Peoples Health,"UnitedHealth Group, Inc.",Local CCP,3.5,3,4,4,3,3,2,"4"
R7220,Humana,Humana Inc.,Regional CCP,3.5,Not enough,3,2,Not enough,Not enough,1,Not enough
H3832,HMSA Akamai Advantage,Hawaii Medical Service Association,Local CCP,3.5,3,3,3,2,3,3,"3"
R6801,UnitedHealthcare,"UnitedHealth Group, Inc.",Regional CCP,3.5,4,5,4,3,4,2,"4"
H4623,Humana,Humana Inc.,Local CCP,3.5,3,3,4,3,4,2,"4"
H4624,Zing Health,"Zing Health Consolidator, Inc",Local CCP,3.5,3,3,2,4,2,3,"3"
H3817,Regence BlueCross BlueShield of Oregon,"Cambia Health Solutions, Inc.",Local CCP,3.5,3,2,1,5,3,2,"2"
R2604,UnitedHealthcare,"UnitedHealth Group, Inc.",Regional CCP,3.5,4,5,4,3,4,3,"4"
H4676,Troy Medicare,"Troy Holdings, Inc.",Local CCP,3.5,4,4,4,5,3,4,"5"
R1532,Humana,Humana Inc.,Regional CCP,3.5,4,5,5,4,4,2,"5"
H0107,Blue Cross and Blue Shield of Montana,Health Care Service Corporation,Local CCP,3.5,3,3,3,3,3,3,"3"
H4711,Aetna Medicare,CVS Health Corporation,Local CCP,3.5,3,1,Not enough,3,3,3,Not enough
R0110,Humana,Humana Inc.,Regional CCP,3.5,4,5,5,4,4,2,"5"
H4754,PacificSource Medicare,PacificSource,Local CCP,3.5,4,5,4,5,4,4,"3"
H0174,Wellcare,Centene Corporation,Local CCP,3.5,4,3,3,4,5,3,"4"
H9907,Tufts Health Plan,"Point32Health, Inc.",Local CCP,3.5,3,3,3,3,3,3,"3"
H4847,Wellcare,Centene Corporation,Local CCP,3.5,3,4,4,3,3,2,"4"
H4868,Wellcare,Centene Corporation,Local CCP,3.5,Not enough,2,Not enough,Not enough,Not enough,1,Not enough
H3800,Provider Partners Health Plans,"Rifkin Managed Care Holding, LLC",Local CCP,3.5,Not enough,Plan too s,Plan too s,Plan too s,Plan too s,Plan too s,Plan too s
H9884,Devoted Health,"Devoted Health, Inc.",Local CCP,3.5,3,2,3,5,2,4,"2"
H0270,Wellcare,Centene Corporation,Local CCP,3.5,Not enough,5,Not enough,Not enough,4,3,Not enough
H4931,Banner Medicare Advantage,Banner Health,Local CCP,3.5,3,3,3,1,4,4,"2"
H9763,Ochsner Health Plan,Ochsner Clinic Foundation,Local CCP,3.5,4,3,2,4,5,4,"5"
H3655,Anthem Blue Cross and Blue Shield,"Elevance Health, Inc.",Local CCP,3.5,4,4,4,3,4,4,"4"
H9730,Wellcare,Centene Corporation,Local CCP,3.5,4,5,5,4,5,2,"5"
H0302,Blue Cross Blue Shield of Arizona (AZ Blue),Blue Cross Blue Shield of Arizona,Local CCP,3.5,3,2,2,4,3,3,"2"
H0321,UnitedHealthcare,"UnitedHealth Group, Inc.",Local CCP,3.5,Not enough,3,Not enough,3,Not enough,4,Not enough
H9699,Arkansas Blue Medicare,USAble Mutual Insurance Company,Local CCP,3.5,4,4,5,3,4,2,"4"
H0432,UnitedHealthcare,"UnitedHealth Group, Inc.",Local CCP,3.5,4,5,5,4,4,4,"3"
H9630,Wellcare by Allwell,Centene Corporation,Local CCP,3.5,4,5,5,3,4,3,"5"
H9615,MVP HEALTH CARE,"MVP Health Care, Inc.",Local CCP,3.5,4,3,4,5,3,3,"3"
H9585,WellSense Health Plan,"BMC Health System, Inc.",Local CCP,3.5,3,2,2,3,3,3,"3"
H0504,Blue Shield of California,"California Physicians' Service",Local CCP,3.5,2,2,1,3,3,4,"1"
H3528,ConnectiCare,"EmblemHealth, Inc.",Local CCP,3.5,3,3,3,3,3,2,"3"
H3499,Wellcare by Allwell,Centene Corporation,Local CCP,3.5,4,4,5,3,4,4,"4"
H5209,My Choice Wisconsin,"Molina Healthcare, Inc.",Local CCP,3.5,3,2,4,3,2,1,"4"
H3447,Anthem HealthKeepers,"Elevance Health, Inc.",Local CCP,3.5,4,4,4,3,3,2,"5"
H3443,Alignment Health Plan,"Alignment Healthcare USA, LLC",Local CCP,3.5,2,1,2,3,3,3,"1"
H5216,Humana,Humana Inc.,Local CCP,3.5,4,4,5,3,3,3,"3"
H9525,Anthem Blue Cross and Blue Shield,"Elevance Health, Inc.",Local CCP,3.5,4,5,4,3,3,2,"5"
H3387,UnitedHealthcare,"UnitedHealth Group, Inc.",Local CCP,3.5,3,3,2,3,2,3,"3"
H3379,UnitedHealthcare,"UnitedHealth Group, Inc.",Local CCP,3.5,3,3,4,3,3,2,"4"
H5273,CarePartners of Connecticut,"Point32Health, Inc.",Local CCP,3.5,4,3,3,3,5,4,"3"
H5294,Wellcare by Allwell,Centene Corporation,Local CCP,3.5,3,3,3,2,4,4,Not enough
H3347,Elderplan,"Elderplan, Inc.",Local CCP,3.5,4,4,3,3,5,5,"4"
H3330,EmblemHealth,"EmblemHealth, Inc.",Local CCP,3.5,2,3,1,3,2,2,"2"
H3312,Aetna Medicare,CVS Health Corporation,Local CCP,3.5,4,3,4,3,4,4,"4"
H9485,Mass General Brigham Health Plan,Mass General Brigham Incorporated,Local CCP,3.5,4,3,5,2,5,4,"5"
H3288,Aetna Medicare,CVS Health Corporation,Local CCP,3.5,4,4,4,4,4,3,"4"
H3276,ConnectiCare,"EmblemHealth, Inc.",Local CCP,3.5,Not enough,3,Not enough,Not enough,Not enough,3,Not enough
H9306,Alterwood Advantage,"LifeBridge Health, Inc.",Local CCP,3.5,3,4,3,4,3,3,"3"
H3240,Wellpoint,"Elevance Health, Inc.",Local CCP,3.5,3,4,3,1,3,3,"3"
H9207,Jefferson Health Plans,Thomas Jefferson University,Local CCP,3.5,3,3,2,4,Not enough,4,Not enough
H3192,Aetna Medicare,CVS Health Corporation,Local CCP,3.5,4,4,4,4,3,4,"4"
H9191,Provider Partners Health Plans,"Rifkin Managed Care Holding, LLC",Local CCP,3.5,Not enough,Plan too s,Plan too s,Plan too s,Plan too s,Plan too s,Plan too s
H0543,UnitedHealthcare,"UnitedHealth Group, Inc.",Local CCP,3.5,2,1,1,3,3,3,"1"
H3170,Blue Cross and Blue Shield of Nebraska,Blue Cross Blue Shield of Nebraska,Local CCP,3.5,4,5,5,Not enough,4,2,"4"
H5422,Anthem Blue Cross and Blue Shield,"Elevance Health, Inc.",Local CCP,3.5,4,3,4,3,4,4,Not enough
H3113,UnitedHealthcare,"UnitedHealth Group, Inc.",Local CCP,3.5,3,1,3,2,Not enough,4,Not enough
H3080,Devoted Health,"Devoted Health, Inc.",Local CCP,3.5,3,3,2,5,3,4,"1"
H9147,Blue Cross and Blue Shield of North Carolina,Blue Cross and Blue Shield of North Carolina,Local CCP,3.5,3,3,3,3,4,3,"4"
H0624,UnitedHealthcare,"UnitedHealth Group, Inc.",Local CCP,3.5,Not enough,2,1,Not enough,Not enough,2,Not enough
H5434,Florida Blue,Guidewell Mutual Holding Corporation,Local CCP,3.5,4,4,4,3,4,3,"4"
H0712,Wellcare,Centene Corporation,Local CCP,3.5,3,3,4,3,3,2,"3"
H8928,Fallon Health,"Fallon Community Health Plan, Inc.",Local CCP,3.5,3,3,3,3,3,5,"1"
H8889,Medica,Medica Holding Company,Local CCP,3.5,4,3,3,4,3,4,"5"
H0885,Braven Health,"Horizon Mutual Holdings, Inc",Local CCP,3.5,4,3,4,3,4,4,"3"
H8849,Wellpoint,"Elevance Health, Inc.",Local CCP,3.5,Not enough,Not enough,Not enough,Not enough,Not enough,1,Not enough
H5496,"Imperial Health Plan of California, Inc.",Imperial Health Plan of California,Local CCP,3.5,Not enough,1,Not enough,2,Not enough,1,Not enough
H2915,Wellcare by Allwell,Centene Corporation,Local CCP,3.5,3,3,4,3,3,2,"5"
H2032,Baylor Scott & White Health Plan,Baylor Scott & White Holdings,Local CCP,3.5,5,5,5,4,5,4,"5"
H5525,Humana,Humana Inc.,Local CCP,3.5,4,4,4,3,4,2,"5"
H2816,Wellcare,Centene Corporation,PFFS,3.5,4,4,4,4,4,2,"3"
H0908,Wellcare by Allwell,Centene Corporation,Local CCP,3.5,3,3,Not enough,3,4,2,Not enough
H5549,VNS Health Medicare,Visiting Nurse Service of New York,Local CCP,3.5,2,2,3,1,2,2,"1"
H2737,Health New England Medicare Advantage Plans,"Baystate Health, Inc.",Local CCP,3.5,3,2,1,5,2,3,"3"
H0978,SCAN Health Plan,SCAN Group,Local CCP,3.5,2,1,1,2,1,4,"1"
H8768,UnitedHealthcare,"UnitedHealth Group, Inc.",Local CCP,3.5,3,3,2,1,3,2,"4"
H5590,Wellcare by Allwell,Centene Corporation,Local CCP,3.5,2,2,2,1,3,3,Not enough
H8649,Aetna Medicare,CVS Health Corporation,Local CCP,3.5,3,5,3,3,3,3,"3"
H2686,Devoted Health,"Devoted Health, Inc.",Local CCP,3.5,3,2,1,3,3,4,"3"
H2593,Wellpoint,"Elevance Health, Inc.",Local CCP,3.5,Not enough,Not enough,Not enough,Not enough,Not enough,2,Not enough
H5599,Wellcare by Fidelis Care,Centene Corporation,Local CCP,3.5,3,4,4,1,3,2,"4"
H5608,Elevate Medicare Advantage,Denver Health and Hospital Authority,Local CCP,3.5,3,3,1,3,4,2,"4"
H5619,Humana,Humana Inc.,Local CCP,3.5,3,3,4,3,4,3,"3"
H8634,"Blue Cross and Blue Shield of IL, NM",Health Care Service Corporation,Local CCP,3.5,3,3,3,3,3,2,"4"
H1032,Wellcare,Centene Corporation,Local CCP,3.5,4,4,4,4,Not enough,2,Not enough
H8597,Aetna Medicare,CVS Health Corporation,Local CCP,3.5,3,3,3,3,4,4,"3"
H8578,Health New England Medicare Advantage Plans,"Baystate Health, Inc.",Local CCP,3.5,3,2,2,5,2,3,"3"
H8554,"Blue Cross and Blue Shield of OK, TX",Health Care Service Corporation,Local CCP,3.5,Not enough,3,Not enough,4,Not enough,3,Not enough
H8547,Blue Cross and Blue Shield of Illinois,Health Care Service Corporation,Local CCP,3.5,4,3,Not enough,3,4,3,"5"
H2486,Humana,Humana Inc.,Local CCP,3.5,3,2,4,3,3,3,"4"
H5810,Molina Healthcare of California,"Molina Healthcare, Inc.",Local CCP,3.5,Not enough,Plan too s,Plan too s,Plan too s,Plan too s,Plan too s,Plan too s
H1035,Florida Blue HMO,Guidewell Mutual Holding Corporation,Local CCP,3.5,4,3,4,3,4,4,"3"
H1189,CHRISTUS Health Advantage,CHRISTUS Health,Local CCP,3.5,5,5,5,4,5,4,"5"
H1215,Wellcare,Centene Corporation,Local CCP,3.5,4,5,3,4,4,2,"4"
H5843,Banner Medicare Advantage,Banner Health,Local CCP,3.5,3,2,3,3,4,4,"1"
H5852,AHF,AIDS Healthcare Foundation,Local CCP,3.5,3,3,3,2,3,3,Not enough
H5854,Anthem Blue Cross and Blue Shield,"Elevance Health, Inc.",Local CCP,3.5,3,3,2,3,4,3,"3"
H5859,CareOregon Advantage,"CareOregon, Inc.",Local CCP,3.5,2,1,1,1,2,3,Not enough
H8298,Horizon Blue Cross Blue Shield of New Jersey,"Horizon Mutual Holdings, Inc",Local CCP,3.5,3,2,3,3,3,4,"3"
H8211,UnitedHealthcare,"UnitedHealth Group, Inc.",Local CCP,3.5,4,4,4,3,3,2,"5"
H1304,Regence BlueShield of Idaho,"Cambia Health Solutions, Inc.",Local CCP,3.5,3,4,4,4,3,2,"3"
H5928,Blue Shield of California,"California Physicians' Service",Local CCP,3.5,Not enough,1,Not enough,2,Not enough,2,Not enough
H2456,"UCare's MSHO",UCare Minnesota,Local CCP,3.5,3,2,3,3,4,3,"4"
H1350,Blue Cross of Idaho,"Gemstone Holdings, Inc.",Local CCP,3.5,3,3,2,3,3,3,"4"
H2425,Blue Plus,"Aware Integrated, Inc.",Local CCP,3.5,3,3,3,3,4,4,"3"
H1360,UnitedHealthcare,"UnitedHealth Group, Inc.",Local CCP,3.5,3,2,3,1,3,4,"3"
H8133,Blue Cross and Blue Shield of Texas,Health Care Service Corporation,Local CCP,3.5,3,3,Not enough,3,3,3,"4"
H2400,Signature Advantage (HMO SNP),"SA Plan, LLC",Local CCP,3.5,Not enough,Plan too s,Plan too s,Plan too s,Plan too s,Plan too s,Plan too s
H8070,UCare,UCare Minnesota,Local CCP,3.5,4,3,2,4,4,4,"4"
H8010,Clover Health,"Clover Health Holdings, Inc.",Local CCP,3.5,2,2,Not enough,1,2,3,Not enough
H5970,Humana,Humana Inc.,Local CCP,3.5,4,4,4,4,3,2,"4"
H1416,Wellcare,Centene Corporation,Local CCP,3.5,4,5,5,4,4,2,"4"
H5991,EmblemHealth,"EmblemHealth, Inc.",Local CCP,3.5,Not enough,Plan too s,Plan too s,Plan too s,Plan too s,Plan too s,Plan too s
H1463,Health Alliance Medicare,The Carle Foundation,Local CCP,3.5,4,3,4,5,4,4,"4"
H7925,Wellcare by Allwell,Centene Corporation,Local CCP,3.5,Not enough,Plan too s,Plan too s,Plan too s,Plan too s,Plan too s,Plan too s
H1607,Anthem Blue Cross and Blue Shield,"Elevance Health, Inc.",Local CCP,3.5,3,3,4,3,3,2,"4"
H1644,Longevity Health Plan,"Longevity Health Founders, LLC",Local CCP,3.5,Not enough,Plan too s,Plan too s,Plan too s,Plan too s,Plan too s,Plan too s
H6158,Arkansas Blue Medicare,USAble Mutual Insurance Company,Local CCP,3.5,4,5,5,4,4,2,"3"
H2261,Blue Cross Blue Shield of Massachusetts,"Blue Cross and Blue Shield of Massachusetts, Inc.",Local CCP,3.5,3,3,3,5,2,2,"3"
H2247,UnitedHealthcare,"UnitedHealth Group, Inc.",Local CCP,3.5,3,3,2,3,3,4,"3"
H2246,Select Health,"Intermountain Health Care, Inc.",Local CCP,3.5,4,5,4,4,4,4,"4"
H1659,UnitedHealthcare,"UnitedHealth Group, Inc.",Local CCP,3.5,4,4,4,4,3,4,"4"
H2237,iCare,Humana Inc.,Local CCP,3.5,3,3,3,3,3,4,"3"
H2230,Blue Cross Blue Shield of Massachusetts,"Blue Cross and Blue Shield of Massachusetts, Inc.",Local CCP,3.5,3,2,2,4,2,3,"2"
H7670,Mass Advantage,Central Mass Health Holding LLC,Local CCP,3.5,4,3,4,4,4,3,"3"
H6348,Wellcare by Allwell,Centene Corporation,Local CCP,3.5,3,5,3,3,4,1,"4"
H6396,CareSource,CareSource,Local CCP,3.5,3,4,3,3,3,2,"4"
H1774,Wellcare by Allwell,Centene Corporation,Local CCP,3.5,Not enough,Plan too s,Plan too s,Plan too s,Plan too s,Plan too s,Plan too s
H6453,Blue Cross and Blue Shield of Louisiana,Louisiana Health Service & Indemnity Company,Local CCP,3.5,4,5,5,3,4,2,"3"
H2226,UnitedHealthcare,"UnitedHealth Group, Inc.",Local CCP,3.5,3,2,1,2,3,4,"3"
H2225,Commonwealth Care Alliance Massachusetts,"Commonwealth Care Alliance, Inc.",Local CCP,3.5,4,3,3,4,4,5,"2"
H6545,Devoted Health,"Devoted Health, Inc.",Local CCP,3.5,3,2,3,3,3,4,"2"
H7518,Wellcare,Centene Corporation,Local CCP,3.5,4,3,4,4,4,3,"3"
H2224,Senior Whole Health,"Molina Healthcare, Inc.",Local CCP,3.5,2,2,3,1,2,3,"3"
H6622,Humana,Humana Inc.,Local CCP,3.5,4,3,4,3,4,3,"4"
R7444,UnitedHealthcare,"UnitedHealth Group, Inc.",Regional CCP,3.5,3,2,3,Not enough,3,1,"4"
H4227,VISTA Health Plan Inc.,"Independence Health Group, Inc.",Local CCP,3.5,4,5,4,4,4,4,"5"
H1799,Passport Advantage,"Molina Healthcare, Inc.",Local CCP,3.5,4,4,4,4,4,4,"5"
H7464,UnitedHealthcare,"UnitedHealth Group, Inc.",Local CCP,3.5,4,3,4,5,4,4,Not enough
H1822,SCAN Health Plan,SCAN Group,Local CCP,3.5,Not enough,1,Not enough,2,Not enough,1,Not enough
H7379,CareFirst BlueCross BlueShield Medicare Advantage,"CareFirst, Inc.",Local CCP,3.5,4,5,4,3,4,3,"4"
H7326,Wellcare,Centene Corporation,Local CCP,3.5,4,4,4,3,3,2,"5"
H1914,Wellcare,Centene Corporation,Local CCP,3.5,3,4,4,1,Not enough,1,Not enough
H6898,Vermont Blue Advantage,Blue Cross Blue Shield of Michigan Mutual Ins. Co.,Local CCP,3.5,3,3,3,4,3,2,"3"
H7220,Indiana University Health Plans,Indiana University Health,Local CCP,3.5,4,3,3,4,4,4,"4"
H6988,Centers Plan for Healthy Living,"Centers Plan for Healthy Living, LLC",Local CCP,3.5,4,4,4,3,3,3,"4"
H7175,Wellcare,Centene Corporation,Local CCP,3.5,Not enough,4,Not enough,4,Not enough,3,Not enough
H1947,Healthy Blue,"Elevance Health, Inc.",Local CCP,3.5,4,4,4,3,5,4,"4"
H2056,Aetna Medicare,CVS Health Corporation,Local CCP,3.5,2,2,1,2,3,3,"3"
H7063,Blue Cross and Blue Shield of Kansas,Blue Cross Blue Shield of Kansas,Local CCP,3.5,4,5,5,4,4,2,"3"
H7093,Anthem Blue Cross and Blue Shield,"Elevance Health, Inc.",Local CCP,3.5,3,3,4,4,3,3,"3"
H7115,Memorial Hermann Health Plan,Memorial Hermann Health System,Local CCP,3.5,4,5,4,3,5,4,"4"
H0907,Wellpoint,"Elevance Health, Inc.",Local CCP,3.5,4,5,5,3,4,3,"5"
H6713,Wellcare,Centene Corporation,Local CCP,3,3,3,3,3,Not enough,1,Not enough
H3748,Aetna Medicare,CVS Health Corporation,Local CCP,3,2,1,1,3,1,2,"3"
H2108,Cigna Healthcare,The Cigna Group,Local CCP,3,2,4,3,3,1,1,"2"
H7169,Wellcare,Centene Corporation,Local CCP,3,3,4,Not enough,3,3,1,"4"
H7006,ATRIO Health Plans,ATRIO Health Plans,Local CCP,3,3,2,3,5,2,4,"2"
H7199,Devoted Health,"Devoted Health, Inc.",Local CCP,3,3,1,1,4,3,3,"3"
H2117,Wellcare,Centene Corporation,Local CCP,3,3,3,3,3,3,1,Not enough
H2128,Wellcare,Centene Corporation,Local CCP,3,3,4,3,4,Not enough,2,Not enough
H7284,Humana,Humana Inc.,Local CCP,3,3,3,4,3,4,3,"3"
H0074,Wellcare,Centene Corporation,Local CCP,3,4,4,4,4,Not enough,2,Not enough
H7323,Wellcare,Centene Corporation,Local CCP,3,4,4,5,4,3,2,"4"
H4346,Anthem Blue Cross and Blue Shield,"Elevance Health, Inc.",Local CCP,3,Not enough,3,Not enough,3,Not enough,1,Not enough
H4161,Anthem Blue Cross Partnership Plan,"Elevance Health, Inc.",Local CCP,3,Plan too n,1,Not enough,Not enough,Not enough,1,Not enough
H1862,Wellcare,Centene Corporation,Local CCP,3,2,3,2,Not enough,3,1,"3"
R5826,Humana,Humana Inc.,Regional CCP,3,3,3,4,Not enough,3,1,"2"
R5342,UnitedHealthcare,"UnitedHealth Group, Inc.",Regional CCP,3,3,3,4,1,3,1,"3"
H6815,Wellcare by Health Net,Centene Corporation,Local CCP,3,2,3,2,1,2,2,"4"
H6743,ATRIO Health Plans,ATRIO Health Plans,Local CCP,3,3,2,3,5,2,4,"3"
H2168,VillageCareMAX,"Village Care of New York, Inc.",Local CCP,3,2,2,3,1,2,2,"3"
H6550,Wellcare by Allwell,Centene Corporation,Local CCP,3,3,4,3,2,3,2,"3"
H6399,Aetna Better Health of New Jersey,CVS Health Corporation,Local CCP,3,3,4,4,2,3,2,"3"
H4045,Santa Clara Family Health Plan,SANTA CLARA COUNTY HEALTH AUTHORITY,Local CCP,3,1,1,1,1,2,2,"1"
H1722,Healthfirst Medicare Plan,"Healthfirst, Inc.",Local CCP,3,3,3,2,3,3,2,Not enough
H7607,Clever Care Health Plan,"Clever Care Health Plan, Inc.",Local CCP,3,Not enough,1,Not enough,Not enough,3,2,Not enough
H1666,"Blue Cross and Blue Shield of NM, TX",Health Care Service Corporation,Local CCP,3,3,3,3,2,3,2,"3"
H1664,Wellcare by Allwell,Centene Corporation,Local CCP,3,3,3,3,4,4,3,Not enough
H6322,McLaren Medicare,McLaren Health Care Corporation,Local CCP,3,3,4,3,4,4,2,"3"
H7678,"Molina Healthcare of Texas, Inc.","Molina Healthcare, Inc.",Local CCP,3,3,3,3,2,4,2,"3"
H6237,Regence BlueCross BlueShield of Oregon,"Cambia Health Solutions, Inc.",Local CCP,3,2,1,1,4,2,2,"3"
H6154,Medica,Medica Holding Company,Local CCP,3,4,3,4,4,3,2,"5"
H1610,Aetna Better Health of Virginia,CVS Health Corporation,Local CCP,3,3,3,3,3,4,4,"3"
H7849,Cigna Healthcare,The Cigna Group,Local CCP,3,3,3,4,2,3,2,"3"
H6078,Blue Medicare Advantage,"Elevance Health, Inc.",Local CCP,3,4,3,3,3,4,5,"3"
H6019,HEALTH PLAN OF SAN MATEO,Health Plan of San Mateo,Local CCP,3,2,1,1,2,3,2,"1"
H5995,ATRIO Health Plans,ATRIO Health Plans,Local CCP,3,2,1,2,2,2,3,"1"
H1423,Wellpoint,"Elevance Health, Inc.",Local CCP,3,2,3,2,2,1,1,"1"
H5989,Healthfirst Medicare Plan,"Healthfirst, Inc.",Local CCP,3,2,1,3,2,3,3,"1"
H5969,AlohaCare,AlohaCare,Local CCP,3,3,3,2,2,4,3,Not enough
H3890,Johns Hopkins Advantage MD,Johns Hopkins Healthcare LLC,Local CCP,3,3,3,1,3,3,2,"4"
H1395,Wellcare,Centene Corporation,Local CCP,3,3,4,4,3,3,1,"4"
H2419,South Country Health Alliance,South Country Health Alliance,Local CCP,3,3,3,2,4,3,2,"3"
H1365,"Martin's Point Generations Advantage","Martin's Point Health Care, Inc.",Local CCP,3,4,3,4,5,3,4,"3"
H5943,VillageHealth,SCAN Group,Local CCP,3,Not enough,3,Not enough,Not enough,Not enough,3,Not enough
H5937,UCare,UCare Minnesota,Local CCP,3,3,2,3,3,3,3,"3"
H5926,Molina Healthcare of Michigan,"Molina Healthcare, Inc.",Local CCP,3,2,3,2,3,1,1,"3"
H8176,Molina Healthcare of South Carolina,"Molina Healthcare, Inc.",Local CCP,3,3,3,4,3,3,2,"4"
H1225,Johns Hopkins Advantage MD,Johns Hopkins Healthcare LLC,Local CCP,3,2,2,1,3,3,2,"3"
H1224,L.A. Care Health Plan,Local Initiative Health Authority for LA County,Local CCP,3,2,2,1,1,3,3,"1"
H2458,Medica,Medica Holding Company,Local CCP,3,3,2,2,3,2,3,"3"
H2463,Humana,Humana Inc.,Local CCP,3,3,3,Not enough,3,4,3,Not enough
H5828,Wellpoint,"Elevance Health, Inc.",Local CCP,3,3,4,4,3,3,2,"4"
H8330,Tufts Health Plan,"Point32Health, Inc.",Local CCP,3,2,1,2,1,1,3,"1"
H5826,Community Health Plan of WA Medicare Advantage,Community Health Plan of Washington,Local CCP,3,2,1,1,3,2,2,"2"
H1112,Wellcare,Centene Corporation,Local CCP,3,3,3,4,3,3,2,"3"
H5823,"Molina Healthcare of Washington, Inc.","Molina Healthcare, Inc.",Local CCP,3,1,1,2,1,1,1,"2"
H8432,Anthem Blue Cross and Blue Shield,"Elevance Health, Inc.",Local CCP,3,3,2,3,4,2,1,"3"
H5779,Wellcare,Centene Corporation,Local CCP,3,2,2,3,2,Not enough,2,Not enough
H8552,Anthem Blue Cross Life and Health Insurance Compan,"Elevance Health, Inc.",Local CCP,3,Not enough,1,Not enough,Not enough,Not enough,1,Not enough
H8553,Wellcare,Centene Corporation,Local CCP,3,Not enough,2,Not enough,Not enough,1,1,Not enough
H2491,Wellcare,Centene Corporation,Local CCP,3,2,1,3,3,2,2,Not enough
H2563,Sentara Medicare,Sentara Health Care (SHC),Local CCP,3,3,3,3,3,3,3,"3"
H2582,UnitedHealthcare,"UnitedHealth Group, Inc.",Local CCP,3,3,3,4,3,4,1,"3"
R3444,UnitedHealthcare,"UnitedHealth Group, Inc.",Regional CCP,3,3,3,4,2,4,2,"3"
H5628,Molina Healthcare of Utah & Idaho,"Molina Healthcare, Inc.",Local CCP,3,3,3,3,1,3,2,"3"
H2722,Primewell Health Services,Louisiana Health Service & Indemnity Company,Local CCP,3,Not enough,Plan too s,Plan too s,Plan too s,Plan too s,Plan too s,Plan too s
H8764,Aspire Health,Montage Health,Local CCP,3,2,2,1,4,2,3,"2"
H5587,BCBSAZ Health Choice,Blue Cross Blue Shield of Arizona,Local CCP,3,2,2,1,3,2,3,"1"
H3811,Samaritan Advantage Health Plans,Samaritan Health Services,Local CCP,3,2,2,1,3,2,2,"3"
H0913,Wellcare,Centene Corporation,Local CCP,3,Not enough,2,Not enough,2,Not enough,1,Not enough
H1997,Regence BlueShield,"Cambia Health Solutions, Inc.",Local CCP,3,2,1,1,5,2,1,"4"
H2836,Anthem Blue Cross and Blue Shield,"Elevance Health, Inc.",Local CCP,3,3,4,3,Not enough,2,1,Not enough
H5475,Wellcare,Centene Corporation,Local CCP,3,3,3,4,2,Not enough,1,Not enough
H8854,CareFirst BlueCross BlueShield Medicare Advantage,"CareFirst, Inc.",Local CCP,3,3,3,2,3,3,3,"3"
H3015,Shared Health Dual Plus,BlueCross BlueShield of Tennessee,Local CCP,3,3,3,4,3,Not enough,4,"3"
H3047,Wellcare,Centene Corporation,Local CCP,3,3,4,4,3,3,2,"4"
H8894,IEHP DualChoice,INLAND EMPIRE HEALTH PLAN,Local CCP,3,3,3,2,4,3,4,"1"
H8908,Humana,Humana Inc.,Local CCP,3,Not enough,3,Not enough,3,Not enough,3,Not enough
H0724,Wellcare by Allwell,Centene Corporation,Local CCP,3,Not enough,Plan too s,Plan too s,Plan too s,Plan too s,Plan too s,Plan too s
H5439,Wellcare by Health Net,Centene Corporation,Local CCP,3,2,2,3,Not enough,2,1,"3"
H5435,UnitedHealthcare,"UnitedHealth Group, Inc.",PFFS,3,3,3,4,Not enough,3,1,"4"
H3810,AllCare Advantage,"AllCare Health, Inc.",Local CCP,3,3,2,3,4,3,3,"2"
H4733,Community Health Group,Community Health Group,Local CCP,3,2,2,1,3,3,4,"1"
H0111,Wellcare,Centene Corporation,Local CCP,3,3,3,4,3,3,2,"3"
H0562,Wellcare by Health Net,Centene Corporation,Local CCP,3,2,2,1,2,2,2,"2"
H9065,AMH Health,"Elevance Health, Inc.",Local CCP,3,2,3,2,Not enough,2,1,"3"
H0544,Anthem Blue Cross,"Elevance Health, Inc.",Local CCP,3,1,1,1,1,Not enough,2,Not enough
H3071,Clear Spring Health,Group 1001,Local CCP,3,Not enough,3,Not enough,2,Not enough,2,Not enough
H5410,Cigna Healthcare,The Cigna Group,Local CCP,3,3,3,3,3,2,2,"3"
H5398,Wellcare by Allwell,Centene Corporation,Local CCP,3,3,4,4,3,3,2,"4"
H3204,Presbyterian Health Plan,Presbyterian Healthcare Services,Local CCP,3,3,1,2,4,3,3,"3"
H9219,AMH Health,"Elevance Health, Inc.",Local CCP,3,3,2,3,Not enough,3,1,"4"
H3251,Blue Cross and Blue Shield of New Mexico,Health Care Service Corporation,Local CCP,3,2,1,1,3,1,2,Not enough
H9364,Wellcare,Centene Corporation,Local CCP,3,2,2,3,2,2,1,"1"
H9387,Wellcare by Allwell,Centene Corporation,Local CCP,3,3,3,5,Not enough,3,1,"4"
H9431,Aetna Medicare,CVS Health Corporation,Local CCP,3,2,2,2,3,2,1,"2"
H9460,Cigna Healthcare,The Cigna Group,Local CCP,3,3,3,4,3,4,1,Not enough
H3307,UnitedHealthcare,"UnitedHealth Group, Inc.",Local CCP,3,Not enough,2,Not enough,Not enough,Not enough,1,Not enough
H3418,UnitedHealthcare,"UnitedHealth Group, Inc.",Local CCP,3,1,1,2,Not enough,1,1,Not enough
H0523,Aetna Medicare,CVS Health Corporation,Local CCP,3,2,1,3,Not enough,1,1,Not enough
H3533,Humana,Humana Inc.,Local CCP,3,3,3,2,2,3,2,"4"
H5087,Wellcare,Centene Corporation,Local CCP,3,Not enough,1,Not enough,Not enough,Not enough,2,Not enough
H9955,Molina Healthcare of Ohio,"Molina Healthcare, Inc.",Local CCP,3,3,4,4,1,3,1,"4"
H3554,Arkansas Blue Medicare,USAble Mutual Insurance Company,Local CCP,3,4,4,4,3,4,2,"4"
H4801,"Blue Cross and Blue Shield of OK, TX",Health Care Service Corporation,Local CCP,3,3,4,4,3,3,2,"4"
H0423,MetroPlus Health Plan,New York City Health and Hospitals Corporation,Local CCP,3,Not enough,2,Not enough,2,Not enough,2,Not enough
H0351,Wellcare by Allwell,Centene Corporation,Local CCP,3,2,3,2,3,1,1,Not enough
H5010,Asuris Northwest Health,"Cambia Health Solutions, Inc.",Local CCP,3,3,3,2,3,3,2,"3"
H5009,Regence BlueShield,"Cambia Health Solutions, Inc.",Local CCP,3,2,1,1,3,1,1,"3"
H9706,Blue Cross and Blue Shield of Texas,Health Care Service Corporation,Local CCP,3,3,4,3,3,3,2,"4"
H5008,UnitedHealthcare,"UnitedHealth Group, Inc.",Local CCP,3,2,3,1,1,2,3,"1"
H4835,Aetna Medicare,CVS Health Corporation,Local CCP,3,2,2,3,3,1,3,"2"
H9904,Mass Advantage,Central Mass Health Holding LLC,Local CCP,3,3,3,3,4,3,2,"3"
H0294,UnitedHealthcare,"UnitedHealth Group, Inc.",Local CCP,3,3,3,3,2,3,2,"3"
H4909,Anthem Blue Cross and Blue Shield,"Elevance Health, Inc.",Local CCP,3,3,3,3,2,3,3,Not enough
H2174,Wellcare by Trillium,Centene Corporation,Local CCP,3,Not enough,1,Not enough,1,Not enough,1,Not enough
H9900,Wellcare,Centene Corporation,Local CCP,2.5,Not enough,3,Not enough,3,Not enough,2,Not enough
H4937,Blue Shield of California,"California Physicians' Service",Local CCP,2.5,1,1,1,2,1,1,"2"
H4982,Aetna Medicare,CVS Health Corporation,Local CCP,2.5,1,1,Not enough,1,1,2,Not enough
H3561,Wellcare by Health Net,Centene Corporation,Local CCP,2.5,Not enough,1,Not enough,1,Not enough,1,Not enough
H9952,Medica,Medica Holding Company,Local CCP,2.5,2,1,1,1,3,2,"2"
H3536,Anthem Blue Cross and Blue Shield,"Elevance Health, Inc.",Local CCP,2.5,3,3,4,2,2,1,"3"
H0571,CCHP (Chinese Community Health Plan),Chinese Hospital Association,Local CCP,2.5,1,1,1,1,1,2,"1"
H5433,CalOptima Health OneCare,Orange County Health Authority,Local CCP,2.5,1,1,1,1,1,2,"1"
H0672,Cigna Healthcare,The Cigna Group,Local CCP,2.5,2,2,3,1,1,1,"1"
H5580,Mercy Care Advantage,Mercy Care,Local CCP,2.5,2,2,2,2,2,3,"1"
H3814,ATRIO Health Plans,ATRIO Health Plans,Local CCP,2.5,2,2,1,3,1,2,"3"
H5649,Central Health Medicare Plan,"Molina Healthcare, Inc.",Local CCP,2.5,1,1,1,1,1,1,"1"
H5965,Wellcare,Centene Corporation,Local CCP,2.5,Not enough,Not enough,Not enough,Not enough,Not enough,1,Not enough
H7559,Molina Healthcare of Virginia,"Molina Healthcare, Inc.",Local CCP,2.5,3,3,2,1,3,2,"4"
H7389,Cigna Healthcare,The Cigna Group,Local CCP,2.5,Not enough,3,Not enough,Not enough,Not enough,1,Not enough
H4054,Provider Partners Health Plans,"Rifkin Managed Care Holding, LLC",Local CCP,2.5,Not enough,Plan too s,Plan too s,Plan too s,Plan too s,Plan too s,Plan too s
H6851,WellSense Health Plan,"BMC Health System, Inc.",Local CCP,2.5,1,1,1,2,Not enough,1,Not enough
H2162,Wellcare,Centene Corporation,Local CCP,2.5,3,3,Not enough,3,3,1,Not enough
H1894,Wellpoint,"Elevance Health, Inc.",Local CCP,2.5,Not enough,Not enough,Not enough,Not enough,Not enough,1,Not enough
H0034,"Hamaspik, Inc.","Hamaspik of Rockland County, Inc.",Local CCP,2.5,2,1,3,1,Not enough,1,Not enough
H2775,Wellcare,Centene Corporation,Local CCP,2.5,2,3,3,3,2,1,Not enough
H7330,Zing Health,"Zing Health Consolidator, Inc",Local CCP,2,1,1,1,3,1,1,"1"