Plan_Name,Parent_Org,Overall_Stars,CAHPS_Stars,Performance_Tier,Bonus_Status
Johns Hopkins Advantage MD,Johns Hopkins Healthcare LLC,Plan too n,Plan too n,2.5 or Below — At Risk,Does NOT earn Quality Bonus Payment
Devoted Health,"Devoted Health, Inc.",Plan too n,Plan too n,2.5 or Below — At Risk,Does NOT earn Quality Bonus Payment
Aetna Medicare,CVS Health Corporation,Plan too n,Plan too n,2.5 or Below — At Risk,Does NOT earn Quality Bonus Payment
Provider Partners Health Plans,"Rifkin Managed Care Holding, LLC",Plan too n,Plan too n,2.5 or Below — At Risk,Does NOT earn Quality Bonus Payment
American Health Advantage of Pennsylvania,Mitchell Family Office,Plan too n,Plan too n,2.5 or Below — At Risk,Does NOT earn Quality Bonus Payment
Provider Partners Health Plan of Indiana,"Rifkin Managed Care Holding, LLC",Plan too n,Plan too n,2.5 or Below — At Risk,Does NOT earn Quality Bonus Payment
UnitedHealthcare,"UnitedHealth Group, Inc.",Plan too n,Plan too n,2.5 or Below — At Risk,Does NOT earn Quality Bonus Payment
Shared Health Dual Freedom,BlueCross BlueShield of Tennessee,Plan too n,Plan too n,2.5 or Below — At Risk,Does NOT earn Quality Bonus Payment
Anthem Blue Cross,"Elevance Health, Inc.",Plan too n,Plan too n,2.5 or Below — At Risk,Does NOT earn Quality Bonus Payment
Anthem Blue Cross and Blue Shield,"Elevance Health, Inc.",Plan too n,Plan too n,2.5 or Below — At Risk,Does NOT earn Quality Bonus Payment
Blue Shield of California,"California Physicians' Service",Plan too n,Plan too n,2.5 or Below — At Risk,Does NOT earn Quality Bonus Payment
Devoted Health,"Devoted Health, Inc.",Plan too n,Plan too n,2.5 or Below — At Risk,Does NOT earn Quality Bonus Payment
Humana,Humana Inc.,Plan too n,Plan too n,2.5 or Below — At Risk,Does NOT earn Quality Bonus Payment
American Health Advantage of Indiana,Mitchell Family Office,Plan too n,Plan too n,2.5 or Below — At Risk,Does NOT earn Quality Bonus Payment
Molina Healthcare of California,"Molina Healthcare, Inc.",Plan too n,Plan too n,2.5 or Below — At Risk,Does NOT earn Quality Bonus Payment
UnitedHealthcare,"UnitedHealth Group, Inc.",Plan too n,Plan too n,2.5 or Below — At Risk,Does NOT earn Quality Bonus Payment
Champion Heath Plan,"Champion Health Plans-USA, LLC.",Plan too n,Plan too n,2.5 or Below — At Risk,Does NOT earn Quality Bonus Payment
Blue Cross of Idaho,"Gemstone Holdings, Inc.",Plan too n,Plan too n,2.5 or Below — At Risk,Does NOT earn Quality Bonus Payment
Devoted Health,"Devoted Health, Inc.",Plan too n,Plan too n,2.5 or Below — At Risk,Does NOT earn Quality Bonus Payment
UnitedHealthcare Community Plan,"UnitedHealth Group, Inc.",Plan too n,Plan too n,2.5 or Below — At Risk,Does NOT earn Quality Bonus Payment
WellSense Health Plan,"BMC Health System, Inc.",Plan too n,Plan too n,2.5 or Below — At Risk,Does NOT earn Quality Bonus Payment
Gold Kidney Health Plan,Gold Kidney Health Plan,Plan too n,Plan too n,2.5 or Below — At Risk,Does NOT earn Quality Bonus Payment
eternalHealth,"Eternal Health of Delaware, Inc.",Plan too n,Plan too n,2.5 or Below — At Risk,Does NOT earn Quality Bonus Payment
SECUR Health Plan,Chapters CareNu Inc,Plan too n,Plan too n,2.5 or Below — At Risk,Does NOT earn Quality Bonus Payment
WyoBlue Advantage,Blue Cross Blue Shield of Michigan Mutual Ins. Co.,Plan too n,Plan too n,2.5 or Below — At Risk,Does NOT earn Quality Bonus Payment
Jefferson Health Plans,Thomas Jefferson University,Plan too n,Plan too n,2.5 or Below — At Risk,Does NOT earn Quality Bonus Payment
Trinity Health Plan of Michigan,Trinity Health Corporation,Plan too n,Plan too n,2.5 or Below — At Risk,Does NOT earn Quality Bonus Payment
Community Health Group,Community Health Group,Plan too n,Plan too n,2.5 or Below — At Risk,Does NOT earn Quality Bonus Payment
Sentara Medicare,Sentara Health Care (SHC),Plan too n,Plan too n,2.5 or Below — At Risk,Does NOT earn Quality Bonus Payment
Jefferson Health Plans,Thomas Jefferson University,Plan too n,Plan too n,2.5 or Below — At Risk,Does NOT earn Quality Bonus Payment
Champion Health Plan,"Champion Health Plans-USA, LLC.",Plan too n,Plan too n,2.5 or Below — At Risk,Does NOT earn Quality Bonus Payment
Kaiser Permanente,"Kaiser Foundation Health Plan, Inc.",Plan too n,Plan too n,2.5 or Below — At Risk,Does NOT earn Quality Bonus Payment
AmeriHealth,"Independence Health Group, Inc.",Plan too n,Plan too n,2.5 or Below — At Risk,Does NOT earn Quality Bonus Payment
University of Michigan Health Plan,University of Michigan Health,Plan too n,Plan too n,2.5 or Below — At Risk,Does NOT earn Quality Bonus Payment
Zing Health,"Zing Health Consolidator, Inc",Plan too n,Plan too n,2.5 or Below — At Risk,Does NOT earn Quality Bonus Payment
"Sonder Health Plans, Inc.","Avian Health Holdings, LLC",Plan too n,Plan too n,2.5 or Below — At Risk,Does NOT earn Quality Bonus Payment
Peak Health,"West Virginia United Health System, Inc.",Plan too n,Plan too n,2.5 or Below — At Risk,Does NOT earn Quality Bonus Payment
Devoted Health,"Devoted Health, Inc.",Plan too n,Plan too n,2.5 or Below — At Risk,Does NOT earn Quality Bonus Payment
Shared Health Dual Freedom,BlueCross BlueShield of Tennessee,Plan too n,Plan too n,2.5 or Below — At Risk,Does NOT earn Quality Bonus Payment
UnitedHealthcare,"UnitedHealth Group, Inc.",Plan too n,Plan too n,2.5 or Below — At Risk,Does NOT earn Quality Bonus Payment
"Healthy Mississippi, Inc.",Singh Holdings LLC,Plan too n,Plan too n,2.5 or Below — At Risk,Does NOT earn Quality Bonus Payment
Alignment Health Plan,"Alignment Healthcare USA, LLC",Plan too n,Plan too n,2.5 or Below — At Risk,Does NOT earn Quality Bonus Payment
Sentara Medicare,Sentara Health Care (SHC),Plan too n,Plan too n,2.5 or Below — At Risk,Does NOT earn Quality Bonus Payment
Kaiser Permanente,"Kaiser Foundation Health Plan, Inc.",Plan too n,Plan too n,2.5 or Below — At Risk,Does NOT earn Quality Bonus Payment
SCAN Health Plan,SCAN Group,Plan too n,Plan too n,2.5 or Below — At Risk,Does NOT earn Quality Bonus Payment
Devoted Health,"Devoted Health, Inc.",Plan too n,Plan too n,2.5 or Below — At Risk,Does NOT earn Quality Bonus Payment
Aetna Medicare,CVS Health Corporation,Plan too n,Plan too n,2.5 or Below — At Risk,Does NOT earn Quality Bonus Payment
Highmark Blue Cross Blue Shield,Highmark Health,Plan too n,Plan too n,2.5 or Below — At Risk,Does NOT earn Quality Bonus Payment
UCLA Health Medicare Advantage Plan,The Regents of the University of California,Plan too n,Plan too n,2.5 or Below — At Risk,Does NOT earn Quality Bonus Payment
Prominence Health Plan,"Universal Health Services, Inc.",Plan too n,Plan too n,2.5 or Below — At Risk,Does NOT earn Quality Bonus Payment
Devoted Health,"Devoted Health, Inc.",Plan too n,Plan too n,2.5 or Below — At Risk,Does NOT earn Quality Bonus Payment
Wellcare,Centene Corporation,Plan too n,Plan too n,2.5 or Below — At Risk,Does NOT earn Quality Bonus Payment
SCAN Health Plan New Mexico,SCAN Group,Plan too n,Plan too n,2.5 or Below — At Risk,Does NOT earn Quality Bonus Payment
Devoted Health,"Devoted Health, Inc.",Plan too n,Plan too n,2.5 or Below — At Risk,Does NOT earn Quality Bonus Payment
Anthem HealthKeepers,"Elevance Health, Inc.",Plan too n,Plan too n,2.5 or Below — At Risk,Does NOT earn Quality Bonus Payment
Anthem Blue Cross Life and Health Insurance Compan,"Elevance Health, Inc.",Plan too n,Plan too n,2.5 or Below — At Risk,Does NOT earn Quality Bonus Payment
Devoted Health,"Devoted Health, Inc.",Plan too n,Plan too n,2.5 or Below — At Risk,Does NOT earn Quality Bonus Payment
Devoted Health,"Devoted Health, Inc.",Plan too n,Plan too n,2.5 or Below — At Risk,Does NOT earn Quality Bonus Payment
Verda Health Plan of Texas,"Verda Healthcare, Inc.",Plan too n,Plan too n,2.5 or Below — At Risk,Does NOT earn Quality Bonus Payment
UnitedHealthcare,"UnitedHealth Group, Inc.",5,Not enough,5-Star — Elite,Earns Quality Bonus Payment
Network Health Medicare Advantage Plans,"Network Health, Inc.",5,5,5-Star — Elite,Earns Quality Bonus Payment
Alignment Health Plan,"Alignment Healthcare USA, LLC",5,5,5-Star — Elite,Earns Quality Bonus Payment
"HealthSun Health Plans, Inc.","Elevance Health, Inc.",5,5,5-Star — Elite,Earns Quality Bonus Payment
Highmark Blue Cross Blue Shield or Highmark Blue S,Highmark Health,5,5,5-Star — Elite,Earns Quality Bonus Payment
"Leon Health, Inc.","LMC Family Holdings, LLC",5,5,5-Star — Elite,Earns Quality Bonus Payment
MCS Classicare,"MHH Healthcare, L.P.",5,4,5-Star — Elite,Earns Quality Bonus Payment
UnitedHealthcare,"UnitedHealth Group, Inc.",5,4,5-Star — Elite,Earns Quality Bonus Payment
"Optimum HealthCare, Inc.","Elevance Health, Inc.",5,4,5-Star — Elite,Earns Quality Bonus Payment
Aetna Medicare,CVS Health Corporation,4.5,4,4.5-Star — High Performer,Earns Quality Bonus Payment
Blue Cross & Blue Shield of Rhode Island,Blue Cross & Blue Shield of Rhode Island,4.5,4,4.5-Star — High Performer,Earns Quality Bonus Payment
Alignment Health Plan,"Alignment Healthcare USA, LLC",4.5,4,4.5-Star — High Performer,Earns Quality Bonus Payment
Aetna Medicare,CVS Health Corporation,4.5,4,4.5-Star — High Performer,Earns Quality Bonus Payment
Baylor Scott & White Health Plan,Baylor Scott & White Holdings,4.5,5,4.5-Star — High Performer,Earns Quality Bonus Payment
Georgia Health Advantage,Mitchell Family Office,4.5,Not enough,4.5-Star — High Performer,Earns Quality Bonus Payment
Texas Independence Health Plan,Regency ISNP Holdings LLC,4.5,Not enough,4.5-Star — High Performer,Earns Quality Bonus Payment
Devoted Health,"Devoted Health, Inc.",4.5,4,4.5-Star — High Performer,Earns Quality Bonus Payment
PrimeTime Health Plan,Aultman Health Foundation,4.5,5,4.5-Star — High Performer,Earns Quality Bonus Payment
Blue Cross & Blue Shield of Rhode Island,Blue Cross & Blue Shield of Rhode Island,4.5,4,4.5-Star — High Performer,Earns Quality Bonus Payment
Blue Cross and Blue Shield of Louisiana,Louisiana Health Service & Indemnity Company,4.5,5,4.5-Star — High Performer,Earns Quality Bonus Payment
UnitedHealthcare,"UnitedHealth Group, Inc.",4.5,4,4.5-Star — High Performer,Earns Quality Bonus Payment
BlueCross BlueShield of Tennessee,BlueCross BlueShield of Tennessee,4.5,5,4.5-Star — High Performer,Earns Quality Bonus Payment
CDPHP Medicare Advantage,"Capital District Physicians' Health Plan, Inc.",4.5,5,4.5-Star — High Performer,Earns Quality Bonus Payment
Kaiser Permanente,"Kaiser Foundation Health Plan, Inc.",4.5,3,4.5-Star — High Performer,Earns Quality Bonus Payment
Highmark Blue Cross Blue Shield,Highmark Health,4.5,5,4.5-Star — High Performer,Earns Quality Bonus Payment
MediGold,Trinity Health Corporation,4.5,5,4.5-Star — High Performer,Earns Quality Bonus Payment
The Health Plan,"The Health Plan of West Virginia, Inc.",4.5,5,4.5-Star — High Performer,Earns Quality Bonus Payment
Priority Health Medicare,Corewell Health,4.5,4,4.5-Star — High Performer,Earns Quality Bonus Payment
University of Michigan Health Plan,University of Michigan Health,4.5,5,4.5-Star — High Performer,Earns Quality Bonus Payment
Humana,Humana Inc.,4.5,5,4.5-Star — High Performer,Earns Quality Bonus Payment
Aetna Medicare,CVS Health Corporation,4.5,5,4.5-Star — High Performer,Earns Quality Bonus Payment
Blue Cross and Blue Shield of North Carolina,Blue Cross and Blue Shield of North Carolina,4.5,5,4.5-Star — High Performer,Earns Quality Bonus Payment
Kaiser Permanente,"Kaiser Foundation Health Plan, Inc.",4.5,4,4.5-Star — High Performer,Earns Quality Bonus Payment
Valor Health Plan,"The Schroer Group, Inc.",4.5,Not enough,4.5-Star — High Performer,Earns Quality Bonus Payment
"Health First Health Plans, Inc.","Health First Shared Services, Inc.",4.5,4,4.5-Star — High Performer,Earns Quality Bonus Payment
UnitedHealthcare,"UnitedHealth Group, Inc.",4.5,4,4.5-Star — High Performer,Earns Quality Bonus Payment
Align powered by Sanford Health Plan,Sanford Health,4.5,4,4.5-Star — High Performer,Earns Quality Bonus Payment
Blue Cross and Blue Shield of North Carolina,Blue Cross and Blue Shield of North Carolina,4.5,5,4.5-Star — High Performer,Earns Quality Bonus Payment
CDPHP Medicare Advantage,"Capital District Physicians' Health Plan, Inc.",4.5,5,4.5-Star — High Performer,Earns Quality Bonus Payment
The Health Plan,"The Health Plan of West Virginia, Inc.",4.5,5,4.5-Star — High Performer,Earns Quality Bonus Payment
Highmark Blue Cross Blue Shield or Highmark Blue S,Highmark Health,4.5,4,4.5-Star — High Performer,Earns Quality Bonus Payment
Independent Health,"Independent Health Association, Inc.",4.5,5,4.5-Star — High Performer,Earns Quality Bonus Payment
Healthfirst Medicare Plan,"Healthfirst, Inc.",4.5,3,4.5-Star — High Performer,Earns Quality Bonus Payment
AvMed Medicare,Sentara Health Care (SHC),4.5,4,4.5-Star — High Performer,Earns Quality Bonus Payment
Independent Health,"Independent Health Association, Inc.",4.5,5,4.5-Star — High Performer,Earns Quality Bonus Payment
Devoted Health,"Devoted Health, Inc.",4.5,5,4.5-Star — High Performer,Earns Quality Bonus Payment
Aetna Medicare,CVS Health Corporation,4.5,4,4.5-Star — High Performer,Earns Quality Bonus Payment
Aetna Medicare,CVS Health Corporation,4.5,4,4.5-Star — High Performer,Earns Quality Bonus Payment
UnitedHealthcare,"UnitedHealth Group, Inc.",4.5,4,4.5-Star — High Performer,Earns Quality Bonus Payment
UCare,UCare Minnesota,4.5,4,4.5-Star — High Performer,Earns Quality Bonus Payment
Devoted Health,"Devoted Health, Inc.",4.5,5,4.5-Star — High Performer,Earns Quality Bonus Payment
UPMC for Life,UPMC Health System,4.5,5,4.5-Star — High Performer,Earns Quality Bonus Payment
MVP HEALTH CARE,"MVP Health Care, Inc.",4.5,5,4.5-Star — High Performer,Earns Quality Bonus Payment
Aetna Medicare,CVS Health Corporation,4.5,5,4.5-Star — High Performer,Earns Quality Bonus Payment
Highmark Blue Cross Blue Shield or Highmark Blue S,Highmark Health,4.5,4,4.5-Star — High Performer,Earns Quality Bonus Payment
BlueCare Plus Tennessee,BlueCross BlueShield of Tennessee,4.5,5,4.5-Star — High Performer,Earns Quality Bonus Payment
Capital Blue Cross,CAPITAL BLUE CROSS,4.5,4,4.5-Star — High Performer,Earns Quality Bonus Payment
Kaiser Permanente,"Kaiser Foundation Health Plan, Inc.",4.5,3,4.5-Star — High Performer,Earns Quality Bonus Payment
Geisinger Gold,"Risant Health, Inc.",4.5,5,4.5-Star — High Performer,Earns Quality Bonus Payment
UnitedHealthcare,"UnitedHealth Group, Inc.",4.5,4,4.5-Star — High Performer,Earns Quality Bonus Payment
Aetna Medicare,CVS Health Corporation,4.5,5,4.5-Star — High Performer,Earns Quality Bonus Payment
UnitedHealthcare,"UnitedHealth Group, Inc.",4.5,3,4.5-Star — High Performer,Earns Quality Bonus Payment
Cigna Healthcare,The Cigna Group,4.5,5,4.5-Star — High Performer,Earns Quality Bonus Payment
SCAN Health Plan,SCAN Group,4.5,3,4.5-Star — High Performer,Earns Quality Bonus Payment
Independence Blue Cross,"Independence Health Group, Inc.",4.5,4,4.5-Star — High Performer,Earns Quality Bonus Payment
Kaiser Permanente,"Kaiser Foundation Health Plan, Inc.",4.5,3,4.5-Star — High Performer,Earns Quality Bonus Payment
Blue Cross Blue Shield of Michigan,Blue Cross Blue Shield of Michigan Mutual Ins. Co.,4.5,4,4.5-Star — High Performer,Earns Quality Bonus Payment
Geisinger Gold,"Risant Health, Inc.",4.5,4,4.5-Star — High Performer,Earns Quality Bonus Payment
Aetna Medicare,CVS Health Corporation,4.5,5,4.5-Star — High Performer,Earns Quality Bonus Payment
UnitedHealthcare,"UnitedHealth Group, Inc.",4.5,Not enough,4.5-Star — High Performer,Earns Quality Bonus Payment
Capital Blue Cross,CAPITAL BLUE CROSS,4.5,5,4.5-Star — High Performer,Earns Quality Bonus Payment
Priority Health Medicare,Corewell Health,4.5,4,4.5-Star — High Performer,Earns Quality Bonus Payment
"Simply Healthcare Plans, Inc.","Elevance Health, Inc.",4.5,4,4.5-Star — High Performer,Earns Quality Bonus Payment
Aetna Medicare,CVS Health Corporation,4.5,4,4.5-Star — High Performer,Earns Quality Bonus Payment
KelseyCare Advantage,"UnitedHealth Group, Inc.",4.5,4,4.5-Star — High Performer,Earns Quality Bonus Payment
Aetna Medicare,CVS Health Corporation,4.5,4,4.5-Star — High Performer,Earns Quality Bonus Payment
Medicare y Mucho Mas,"Elevance Health, Inc.",4.5,3,4.5-Star — High Performer,Earns Quality Bonus Payment
"CARE N' CARE INSURANCE COMPANY OF NORTH CAROLINA","HTA Holdings, LLC",4.5,5,4.5-Star — High Performer,Earns Quality Bonus Payment
UPMC for Life,UPMC Health System,4.5,5,4.5-Star — High Performer,Earns Quality Bonus Payment
Humana,Humana Inc.,4.5,5,4.5-Star — High Performer,Earns Quality Bonus Payment
Capital Health Plan,Guidewell Mutual Holding Corporation,4.5,5,4.5-Star — High Performer,Earns Quality Bonus Payment
Quartz Medicare Advantage,University of Wisconsin Hospitals and Clincs Autho,4.5,4,4.5-Star — High Performer,Earns Quality Bonus Payment
Humana,Humana Inc.,4.5,5,4.5-Star — High Performer,Earns Quality Bonus Payment
Devoted Health,"Devoted Health, Inc.",4.5,4,4.5-Star — High Performer,Earns Quality Bonus Payment
Highmark Wholecare Medicare Assured,Highmark Health,4.5,5,4.5-Star — High Performer,Earns Quality Bonus Payment
Wellmark Advantage Health Plan,Blue Cross Blue Shield of Michigan Mutual Ins. Co.,4.5,5,4.5-Star — High Performer,Earns Quality Bonus Payment
Aetna Medicare,CVS Health Corporation,4.5,4,4.5-Star — High Performer,Earns Quality Bonus Payment
Blue Cross and Blue Shield of Minnesota,"Aware Integrated, Inc.",4.5,4,4.5-Star — High Performer,Earns Quality Bonus Payment
Blue Care Network,Blue Cross Blue Shield of Michigan Mutual Ins. Co.,4.5,4,4.5-Star — High Performer,Earns Quality Bonus Payment
Aetna Medicare,CVS Health Corporation,4.5,4,4.5-Star — High Performer,Earns Quality Bonus Payment
Essence Healthcare,Lumeris Group Holdings Corporation,4.5,5,4.5-Star — High Performer,Earns Quality Bonus Payment
Devoted Health,"Devoted Health, Inc.",4.5,5,4.5-Star — High Performer,Earns Quality Bonus Payment
Devoted Health,"Devoted Health, Inc.",4.5,4,4.5-Star — High Performer,Earns Quality Bonus Payment
SummaCare Medicare Advantage Plans,Summa Health,4.5,5,4.5-Star — High Performer,Earns Quality Bonus Payment
UPMC for Life Complete Care,UPMC Health System,4,4,4-Star — Bonus Eligible,Earns Quality Bonus Payment
PrimeWest Health,PrimeWest Rural MN Health Care Access Initiative,4,4,4-Star — Bonus Eligible,Earns Quality Bonus Payment
"CARE N' CARE INSURANCE COMPANY OF NORTH CAROLINA","HTA Holdings, LLC",4,5,4-Star — Bonus Eligible,Earns Quality Bonus Payment
Aetna Medicare,CVS Health Corporation,4,3,4-Star — Bonus Eligible,Earns Quality Bonus Payment
UCare,UCare Minnesota,4,4,4-Star — Bonus Eligible,Earns Quality Bonus Payment
Medica,Medica Holding Company,4,4,4-Star — Bonus Eligible,Earns Quality Bonus Payment
"Martin's Point Generations Advantage","Martin's Point Health Care, Inc.",4,4,4-Star — Bonus Eligible,Earns Quality Bonus Payment
HealthPartners,"HealthPartners, Inc.",4,3,4-Star — Bonus Eligible,Earns Quality Bonus Payment
Prominence Health Plan,"Universal Health Services, Inc.",4,3,4-Star — Bonus Eligible,Earns Quality Bonus Payment
UnitedHealthcare,"UnitedHealth Group, Inc.",4,4,4-Star — Bonus Eligible,Earns Quality Bonus Payment
Highmark Blue Cross Blue Shield or Highmark Blue S,Highmark Health,4,4,4-Star — Bonus Eligible,Earns Quality Bonus Payment
UnitedHealthcare,"UnitedHealth Group, Inc.",4,3,4-Star — Bonus Eligible,Earns Quality Bonus Payment
Blue Cross and Blue Shield of Minnesota,"Aware Integrated, Inc.",4,4,4-Star — Bonus Eligible,Earns Quality Bonus Payment
Kansas Health Advantage,Kansas Superior Select,4,Not enough,4-Star — Bonus Eligible,Earns Quality Bonus Payment
HAP Senior Plus,Henry Ford Health System,4,4,4-Star — Bonus Eligible,Earns Quality Bonus Payment
Cox HealthPlans,CoxHealth,4,4,4-Star — Bonus Eligible,Earns Quality Bonus Payment
Senior Care Plus,Renown Health,4,4,4-Star — Bonus Eligible,Earns Quality Bonus Payment
Ultimate Health Plans,"Ultimate Healthcare Holdings, LLC",4,4,4-Star — Bonus Eligible,Earns Quality Bonus Payment
HAP Senior Plus (PPO),Henry Ford Health System,4,3,4-Star — Bonus Eligible,Earns Quality Bonus Payment
Aetna Medicare,CVS Health Corporation,4,4,4-Star — Bonus Eligible,Earns Quality Bonus Payment
Tufts Health Plan,"Point32Health, Inc.",4,4,4-Star — Bonus Eligible,Earns Quality Bonus Payment
Essence Healthcare,Lumeris Group Holdings Corporation,4,4,4-Star — Bonus Eligible,Earns Quality Bonus Payment
NextBlue of North Dakota,Blue Cross Blue Shield of Michigan Mutual Ins. Co.,4,5,4-Star — Bonus Eligible,Earns Quality Bonus Payment
"Freedom Health, Inc.","Elevance Health, Inc.",4,3,4-Star — Bonus Eligible,Earns Quality Bonus Payment
BayCare Health Plans,"BayCare Health System, Inc.",4,5,4-Star — Bonus Eligible,Earns Quality Bonus Payment
FirstMedicare Direct,The Carle Foundation,4,5,4-Star — Bonus Eligible,Earns Quality Bonus Payment
MyTruAdvantage,"SIHO Holding, Inc.",4,5,4-Star — Bonus Eligible,Earns Quality Bonus Payment
Aetna Medicare,CVS Health Corporation,4,4,4-Star — Bonus Eligible,Earns Quality Bonus Payment
Aetna Medicare,CVS Health Corporation,4,4,4-Star — Bonus Eligible,Earns Quality Bonus Payment
UnitedHealthcare,"UnitedHealth Group, Inc.",4,4,4-Star — Bonus Eligible,Earns Quality Bonus Payment
Sharp Health Plan,Sharp Healthcare,4,4,4-Star — Bonus Eligible,Earns Quality Bonus Payment
Humana,Humana Inc.,4,4,4-Star — Bonus Eligible,Earns Quality Bonus Payment
Allina Health Aetna Medicare,Allina Health and Aetna Insurance Holding Company,4,4,4-Star — Bonus Eligible,Earns Quality Bonus Payment
Aetna Medicare,CVS Health Corporation,4,4,4-Star — Bonus Eligible,Earns Quality Bonus Payment
Longevity Health Plan,"Longevity Health Founders, LLC",4,Not enough,4-Star — Bonus Eligible,Earns Quality Bonus Payment
Medical Mutual of Ohio,MEDICAL MUTUAL OF OHIO,4,5,4-Star — Bonus Eligible,Earns Quality Bonus Payment
UnitedHealthcare,"UnitedHealth Group, Inc.",4,5,4-Star — Bonus Eligible,Earns Quality Bonus Payment
Aspirus Health Plan,"Aspirus, Inc.",4,4,4-Star — Bonus Eligible,Earns Quality Bonus Payment
Saint Alphonsus Health Plan,Trinity Health Corporation,4,4,4-Star — Bonus Eligible,Earns Quality Bonus Payment
UnitedHealthcare,"UnitedHealth Group, Inc.",4,4,4-Star — Bonus Eligible,Earns Quality Bonus Payment
Cigna Healthcare,The Cigna Group,4,5,4-Star — Bonus Eligible,Earns Quality Bonus Payment
Devoted Health,"Devoted Health, Inc.",4,3,4-Star — Bonus Eligible,Earns Quality Bonus Payment
UnitedHealthcare,"UnitedHealth Group, Inc.",4,4,4-Star — Bonus Eligible,Earns Quality Bonus Payment
Select Health,"Intermountain Health Care, Inc.",4,4,4-Star — Bonus Eligible,Earns Quality Bonus Payment
"Excellus Health Plan, Inc","Lifetime Healthcare, Inc.",4,4,4-Star — Bonus Eligible,Earns Quality Bonus Payment
Astiva Health,Astiva Health Holdings Incorporated,4,4,4-Star — Bonus Eligible,Earns Quality Bonus Payment
Regence BlueShield of Idaho,"Cambia Health Solutions, Inc.",4,4,4-Star — Bonus Eligible,Earns Quality Bonus Payment
"Excellus Health Plan, Inc","Lifetime Healthcare, Inc.",4,4,4-Star — Bonus Eligible,Earns Quality Bonus Payment
Peoples Health,"UnitedHealth Group, Inc.",4,5,4-Star — Bonus Eligible,Earns Quality Bonus Payment
Humana,Humana Inc.,4,5,4-Star — Bonus Eligible,Earns Quality Bonus Payment
Quartz Medicare Advantage,University of Wisconsin Hospitals and Clincs Autho,4,4,4-Star — Bonus Eligible,Earns Quality Bonus Payment
Devoted Health,"Devoted Health, Inc.",4,3,4-Star — Bonus Eligible,Earns Quality Bonus Payment
UnitedHealthcare,"UnitedHealth Group, Inc.",4,4,4-Star — Bonus Eligible,Earns Quality Bonus Payment
Aetna Medicare,CVS Health Corporation,4,4,4-Star — Bonus Eligible,Earns Quality Bonus Payment
UnitedHealthcare,"UnitedHealth Group, Inc.",4,4,4-Star — Bonus Eligible,Earns Quality Bonus Payment
MediGold,Trinity Health Corporation,4,4,4-Star — Bonus Eligible,Earns Quality Bonus Payment
Medicare y Mucho Mas,"Elevance Health, Inc.",4,4,4-Star — Bonus Eligible,Earns Quality Bonus Payment
"Security Health Plan of Wisconsin, Inc.","Marshfield Clinic Health System, Inc.",4,4,4-Star — Bonus Eligible,Earns Quality Bonus Payment
Devoted Health,"Devoted Health, Inc.",4,4,4-Star — Bonus Eligible,Earns Quality Bonus Payment
Prominence Health Plan,"Universal Health Services, Inc.",4,4,4-Star — Bonus Eligible,Earns Quality Bonus Payment
Clover Health,"Clover Health Holdings, Inc.",4,3,4-Star — Bonus Eligible,Earns Quality Bonus Payment
Cigna Healthcare,The Cigna Group,4,3,4-Star — Bonus Eligible,Earns Quality Bonus Payment
Kaiser Permanente,"Kaiser Foundation Health Plan, Inc.",4,3,4-Star — Bonus Eligible,Earns Quality Bonus Payment
Aetna Medicare,CVS Health Corporation,4,4,4-Star — Bonus Eligible,Earns Quality Bonus Payment
Aetna Medicare,CVS Health Corporation,4,4,4-Star — Bonus Eligible,Earns Quality Bonus Payment
Humana,Humana Inc.,4,4,4-Star — Bonus Eligible,Earns Quality Bonus Payment
Blue Cross Blue Shield of South Carolina,BlueCross BlueShield of South Carolina (BCBSSC),4,4,4-Star — Bonus Eligible,Earns Quality Bonus Payment
Humana,Humana Inc.,4,5,4-Star — Bonus Eligible,Earns Quality Bonus Payment
Paramount Elite Medicare Plans,MEDICAL MUTUAL OF OHIO,4,5,4-Star — Bonus Eligible,Earns Quality Bonus Payment
Highmark Blue Cross Blue Shield,Highmark Health,4,3,4-Star — Bonus Eligible,Earns Quality Bonus Payment
Devoted Health,"Devoted Health, Inc.",4,3,4-Star — Bonus Eligible,Earns Quality Bonus Payment
UnitedHealthcare,"UnitedHealth Group, Inc.",4,3,4-Star — Bonus Eligible,Earns Quality Bonus Payment
Blue Cross and Blue Shield of Nebraska,Blue Cross Blue Shield of Nebraska,4,4,4-Star — Bonus Eligible,Earns Quality Bonus Payment
Wellcare by Allwell,Centene Corporation,4,4,4-Star — Bonus Eligible,Earns Quality Bonus Payment
GlobalHealth,"MHH Healthcare, L.P.",4,4,4-Star — Bonus Eligible,Earns Quality Bonus Payment
HealthPartners,"HealthPartners, Inc.",4,4,4-Star — Bonus Eligible,Earns Quality Bonus Payment
CommunityCare Senior Health Plan (HMO),St Francis Health System & St John Health System,4,4,4-Star — Bonus Eligible,Earns Quality Bonus Payment
Experience Health,Blue Cross and Blue Shield of North Carolina,4,4,4-Star — Bonus Eligible,Earns Quality Bonus Payment
UnitedHealthcare,"UnitedHealth Group, Inc.",4,4,4-Star — Bonus Eligible,Earns Quality Bonus Payment
Aetna Medicare,CVS Health Corporation,4,4,4-Star — Bonus Eligible,Earns Quality Bonus Payment
UnitedHealthcare,"UnitedHealth Group, Inc.",4,3,4-Star — Bonus Eligible,Earns Quality Bonus Payment
Priority Health Medicare,Corewell Health,4,4,4-Star — Bonus Eligible,Earns Quality Bonus Payment
Aetna Medicare,CVS Health Corporation,4,4,4-Star — Bonus Eligible,Earns Quality Bonus Payment
Humana,Humana Inc.,4,4,4-Star — Bonus Eligible,Earns Quality Bonus Payment
Alignment Health Plan,"Alignment Healthcare USA, LLC",4,2,4-Star — Bonus Eligible,Earns Quality Bonus Payment
"CarePlus Health Plans, Inc.",Humana Inc.,4,4,4-Star — Bonus Eligible,Earns Quality Bonus Payment
"Blue Cross and Blue Shield of IL, NM",Health Care Service Corporation,4,3,4-Star — Bonus Eligible,Earns Quality Bonus Payment
Regence BlueCross BlueShield of Utah,"Cambia Health Solutions, Inc.",4,5,4-Star — Bonus Eligible,Earns Quality Bonus Payment
Solis Health Plans,"Athena Healthcare Holdings, LLC",4,5,4-Star — Bonus Eligible,Earns Quality Bonus Payment
Aetna Medicare,CVS Health Corporation,4,4,4-Star — Bonus Eligible,Earns Quality Bonus Payment
UnitedHealthcare,"UnitedHealth Group, Inc.",4,4,4-Star — Bonus Eligible,Earns Quality Bonus Payment
Independence Blue Cross,"Independence Health Group, Inc.",4,4,4-Star — Bonus Eligible,Earns Quality Bonus Payment
Fallon Health,"Fallon Community Health Plan, Inc.",4,4,4-Star — Bonus Eligible,Earns Quality Bonus Payment
Kaiser Permanente,"Kaiser Foundation Health Plan, Inc.",4,3,4-Star — Bonus Eligible,Earns Quality Bonus Payment
Aetna Medicare,CVS Health Corporation,4,4,4-Star — Bonus Eligible,Earns Quality Bonus Payment
Kaiser Permanente,"Kaiser Foundation Health Plan, Inc.",4,2,4-Star — Bonus Eligible,Earns Quality Bonus Payment
MyTruAdvantage,"SIHO Holding, Inc.",4,5,4-Star — Bonus Eligible,Earns Quality Bonus Payment
Providence Medicare Advantage Plans,Providence St Joseph Health,4,3,4-Star — Bonus Eligible,Earns Quality Bonus Payment
Dean Advantage,Medica Holding Company,4,4,4-Star — Bonus Eligible,Earns Quality Bonus Payment
Humana,Humana Inc.,4,4,4-Star — Bonus Eligible,Earns Quality Bonus Payment
Cigna Healthcare,The Cigna Group,4,4,4-Star — Bonus Eligible,Earns Quality Bonus Payment
Alignment Health Plan,"Alignment Healthcare USA, LLC",4,3,4-Star — Bonus Eligible,Earns Quality Bonus Payment
Cigna Healthcare,The Cigna Group,4,3,4-Star — Bonus Eligible,Earns Quality Bonus Payment
Medical Mutual of Ohio,MEDICAL MUTUAL OF OHIO,4,5,4-Star — Bonus Eligible,Earns Quality Bonus Payment
Blue Cross and Blue Shield of Oklahoma,Health Care Service Corporation,4,4,4-Star — Bonus Eligible,Earns Quality Bonus Payment
Cigna Healthcare,The Cigna Group,4,5,4-Star — Bonus Eligible,Earns Quality Bonus Payment
PMC Medicare Choice,"Elevance Health, Inc.",4,3,4-Star — Bonus Eligible,Earns Quality Bonus Payment
UnitedHealthcare,"UnitedHealth Group, Inc.",4,4,4-Star — Bonus Eligible,Earns Quality Bonus Payment
Humana,Humana Inc.,4,4,4-Star — Bonus Eligible,Earns Quality Bonus Payment
Anthem Blue Cross and Blue Shield,"Elevance Health, Inc.",4,3,4-Star — Bonus Eligible,Earns Quality Bonus Payment
UnitedHealthcare,"UnitedHealth Group, Inc.",4,3,4-Star — Bonus Eligible,Earns Quality Bonus Payment
VIVA Medicare,"Triton Health Systems, L.L.C.",4,5,4-Star — Bonus Eligible,Earns Quality Bonus Payment
UnitedHealthcare,"UnitedHealth Group, Inc.",4,4,4-Star — Bonus Eligible,Earns Quality Bonus Payment
"Doctors HealthCare Plans, Inc.","DOCTORS HEALTHCARE PLANS, INC.",4,5,4-Star — Bonus Eligible,Earns Quality Bonus Payment
Humana,Humana Inc.,4,4,4-Star — Bonus Eligible,Earns Quality Bonus Payment
Blue Cross and Blue Shield of Alabama,BlueCross BlueShield of Alabama,4,5,4-Star — Bonus Eligible,Earns Quality Bonus Payment
Cigna Healthcare,The Cigna Group,4,5,4-Star — Bonus Eligible,Earns Quality Bonus Payment
NHC Advantage,"Missouri Healthcare Advisors, LLC",4,Not enough,4-Star — Bonus Eligible,Earns Quality Bonus Payment
Triple S Advantage,Guidewell Mutual Holding Corporation,4,3,4-Star — Bonus Eligible,Earns Quality Bonus Payment
Humana,Humana Inc.,3.5,4,3.5-Star — Near Threshold,Does NOT earn Quality Bonus Payment
UPMC for Life Complete Care,UPMC Health System,3.5,4,3.5-Star — Near Threshold,Does NOT earn Quality Bonus Payment
Arkansas Blue Medicare,USAble Mutual Insurance Company,3.5,4,3.5-Star — Near Threshold,Does NOT earn Quality Bonus Payment
UnitedHealthcare,"UnitedHealth Group, Inc.",3.5,3,3.5-Star — Near Threshold,Does NOT earn Quality Bonus Payment
Anthem Blue Cross and Blue Shield,"Elevance Health, Inc.",3.5,4,3.5-Star — Near Threshold,Does NOT earn Quality Bonus Payment
Wellcare,Centene Corporation,3.5,Not enough,3.5-Star — Near Threshold,Does NOT earn Quality Bonus Payment
Humana,Humana Inc.,3.5,4,3.5-Star — Near Threshold,Does NOT earn Quality Bonus Payment
Anthem Blue Cross and Blue Shield,"Elevance Health, Inc.",3.5,4,3.5-Star — Near Threshold,Does NOT earn Quality Bonus Payment
Triple-S Advantage,Guidewell Mutual Holding Corporation,3.5,3,3.5-Star — Near Threshold,Does NOT earn Quality Bonus Payment
Wellcare,Centene Corporation,3.5,4,3.5-Star — Near Threshold,Does NOT earn Quality Bonus Payment
Cigna Healthcare,The Cigna Group,3.5,3,3.5-Star — Near Threshold,Does NOT earn Quality Bonus Payment
Wellcare,Centene Corporation,3.5,3,3.5-Star — Near Threshold,Does NOT earn Quality Bonus Payment
Aetna Medicare,CVS Health Corporation,3.5,3,3.5-Star — Near Threshold,Does NOT earn Quality Bonus Payment
UnitedHealthcare,"UnitedHealth Group, Inc.",3.5,4,3.5-Star — Near Threshold,Does NOT earn Quality Bonus Payment
Humana,Humana Inc.,3.5,4,3.5-Star — Near Threshold,Does NOT earn Quality Bonus Payment
PacificSource Medicare,PacificSource,3.5,3,3.5-Star — Near Threshold,Does NOT earn Quality Bonus Payment
Peoples Health,"UnitedHealth Group, Inc.",3.5,3,3.5-Star — Near Threshold,Does NOT earn Quality Bonus Payment
Humana,Humana Inc.,3.5,Not enough,3.5-Star — Near Threshold,Does NOT earn Quality Bonus Payment
HMSA Akamai Advantage,Hawaii Medical Service Association,3.5,3,3.5-Star — Near Threshold,Does NOT earn Quality Bonus Payment
UnitedHealthcare,"UnitedHealth Group, Inc.",3.5,4,3.5-Star — Near Threshold,Does NOT earn Quality Bonus Payment
Humana,Humana Inc.,3.5,3,3.5-Star — Near Threshold,Does NOT earn Quality Bonus Payment
Zing Health,"Zing Health Consolidator, Inc",3.5,3,3.5-Star — Near Threshold,Does NOT earn Quality Bonus Payment
Regence BlueCross BlueShield of Oregon,"Cambia Health Solutions, Inc.",3.5,3,3.5-Star — Near Threshold,Does NOT earn Quality Bonus Payment
UnitedHealthcare,"UnitedHealth Group, Inc.",3.5,4,3.5-Star — Near Threshold,Does NOT earn Quality Bonus Payment
Troy Medicare,"Troy Holdings, Inc.",3.5,4,3.5-Star — Near Threshold,Does NOT earn Quality Bonus Payment
Humana,Humana Inc.,3.5,4,3.5-Star — Near Threshold,Does NOT earn Quality Bonus Payment
Blue Cross and Blue Shield of Montana,Health Care Service Corporation,3.5,3,3.5-Star — Near Threshold,Does NOT earn Quality Bonus Payment
Aetna Medicare,CVS Health Corporation,3.5,3,3.5-Star — Near Threshold,Does NOT earn Quality Bonus Payment
Humana,Humana Inc.,3.5,4,3.5-Star — Near Threshold,Does NOT earn Quality Bonus Payment
PacificSource Medicare,PacificSource,3.5,4,3.5-Star — Near Threshold,Does NOT earn Quality Bonus Payment
Wellcare,Centene Corporation,3.5,4,3.5-Star — Near Threshold,Does NOT earn Quality Bonus Payment
Tufts Health Plan,"Point32Health, Inc.",3.5,3,3.5-Star — Near Threshold,Does NOT earn Quality Bonus Payment
Wellcare,Centene Corporation,3.5,3,3.5-Star — Near Threshold,Does NOT earn Quality Bonus Payment
Wellcare,Centene Corporation,3.5,Not enough,3.5-Star — Near Threshold,Does NOT earn Quality Bonus Payment
Provider Partners Health Plans,"Rifkin Managed Care Holding, LLC",3.5,Not enough,3.5-Star — Near Threshold,Does NOT earn Quality Bonus Payment
Devoted Health,"Devoted Health, Inc.",3.5,3,3.5-Star — Near Threshold,Does NOT earn Quality Bonus Payment
Wellcare,Centene Corporation,3.5,Not enough,3.5-Star — Near Threshold,Does NOT earn Quality Bonus Payment
Banner Medicare Advantage,Banner Health,3.5,3,3.5-Star — Near Threshold,Does NOT earn Quality Bonus Payment
Ochsner Health Plan,Ochsner Clinic Foundation,3.5,4,3.5-Star — Near Threshold,Does NOT earn Quality Bonus Payment
Anthem Blue Cross and Blue Shield,"Elevance Health, Inc.",3.5,4,3.5-Star — Near Threshold,Does NOT earn Quality Bonus Payment
Wellcare,Centene Corporation,3.5,4,3.5-Star — Near Threshold,Does NOT earn Quality Bonus Payment
Blue Cross Blue Shield of Arizona (AZ Blue),Blue Cross Blue Shield of Arizona,3.5,3,3.5-Star — Near Threshold,Does NOT earn Quality Bonus Payment
UnitedHealthcare,"UnitedHealth Group, Inc.",3.5,Not enough,3.5-Star — Near Threshold,Does NOT earn Quality Bonus Payment
Arkansas Blue Medicare,USAble Mutual Insurance Company,3.5,4,3.5-Star — Near Threshold,Does NOT earn Quality Bonus Payment
UnitedHealthcare,"UnitedHealth Group, Inc.",3.5,4,3.5-Star — Near Threshold,Does NOT earn Quality Bonus Payment
Wellcare by Allwell,Centene Corporation,3.5,4,3.5-Star — Near Threshold,Does NOT earn Quality Bonus Payment
MVP HEALTH CARE,"MVP Health Care, Inc.",3.5,4,3.5-Star — Near Threshold,Does NOT earn Quality Bonus Payment
WellSense Health Plan,"BMC Health System, Inc.",3.5,3,3.5-Star — Near Threshold,Does NOT earn Quality Bonus Payment
Blue Shield of California,"California Physicians' Service",3.5,2,3.5-Star — Near Threshold,Does NOT earn Quality Bonus Payment
ConnectiCare,"EmblemHealth, Inc.",3.5,3,3.5-Star — Near Threshold,Does NOT earn Quality Bonus Payment
Wellcare by Allwell,Centene Corporation,3.5,4,3.5-Star — Near Threshold,Does NOT earn Quality Bonus Payment
My Choice Wisconsin,"Molina Healthcare, Inc.",3.5,3,3.5-Star — Near Threshold,Does NOT earn Quality Bonus Payment
Anthem HealthKeepers,"Elevance Health, Inc.",3.5,4,3.5-Star — Near Threshold,Does NOT earn Quality Bonus Payment
Alignment Health Plan,"Alignment Healthcare USA, LLC",3.5,2,3.5-Star — Near Threshold,Does NOT earn Quality Bonus Payment
Humana,Humana Inc.,3.5,4,3.5-Star — Near Threshold,Does NOT earn Quality Bonus Payment
Anthem Blue Cross and Blue Shield,"Elevance Health, Inc.",3.5,4,3.5-Star — Near Threshold,Does NOT earn Quality Bonus Payment
UnitedHealthcare,"UnitedHealth Group, Inc.",3.5,3,3.5-Star — Near Threshold,Does NOT earn Quality Bonus Payment
UnitedHealthcare,"UnitedHealth Group, Inc.",3.5,3,3.5-Star — Near Threshold,Does NOT earn Quality Bonus Payment
CarePartners of Connecticut,"Point32Health, Inc.",3.5,4,3.5-Star — Near Threshold,Does NOT earn Quality Bonus Payment
Wellcare by Allwell,Centene Corporation,3.5,3,3.5-Star — Near Threshold,Does NOT earn Quality Bonus Payment
Elderplan,"Elderplan, Inc.",3.5,4,3.5-Star — Near Threshold,Does NOT earn Quality Bonus Payment
EmblemHealth,"EmblemHealth, Inc.",3.5,2,3.5-Star — Near Threshold,Does NOT earn Quality Bonus Payment
Aetna Medicare,CVS Health Corporation,3.5,4,3.5-Star — Near Threshold,Does NOT earn Quality Bonus Payment
Mass General Brigham Health Plan,Mass General Brigham Incorporated,3.5,4,3.5-Star — Near Threshold,Does NOT earn Quality Bonus Payment
Aetna Medicare,CVS Health Corporation,3.5,4,3.5-Star — Near Threshold,Does NOT earn Quality Bonus Payment
ConnectiCare,"EmblemHealth, Inc.",3.5,Not enough,3.5-Star — Near Threshold,Does NOT earn Quality Bonus Payment
Alterwood Advantage,"LifeBridge Health, Inc.",3.5,3,3.5-Star — Near Threshold,Does NOT earn Quality Bonus Payment
Wellpoint,"Elevance Health, Inc.",3.5,3,3.5-Star — Near Threshold,Does NOT earn Quality Bonus Payment
Jefferson Health Plans,Thomas Jefferson University,3.5,3,3.5-Star — Near Threshold,Does NOT earn Quality Bonus Payment
Aetna Medicare,CVS Health Corporation,3.5,4,3.5-Star — Near Threshold,Does NOT earn Quality Bonus Payment
Provider Partners Health Plans,"Rifkin Managed Care Holding, LLC",3.5,Not enough,3.5-Star — Near Threshold,Does NOT earn Quality Bonus Payment
UnitedHealthcare,"UnitedHealth Group, Inc.",3.5,2,3.5-Star — Near Threshold,Does NOT earn Quality Bonus Payment
Blue Cross and Blue Shield of Nebraska,Blue Cross Blue Shield of Nebraska,3.5,4,3.5-Star — Near Threshold,Does NOT earn Quality Bonus Payment
Anthem Blue Cross and Blue Shield,"Elevance Health, Inc.",3.5,4,3.5-Star — Near Threshold,Does NOT earn Quality Bonus Payment
UnitedHealthcare,"UnitedHealth Group, Inc.",3.5,3,3.5-Star — Near Threshold,Does NOT earn Quality Bonus Payment
Devoted Health,"Devoted Health, Inc.",3.5,3,3.5-Star — Near Threshold,Does NOT earn Quality Bonus Payment
Blue Cross and Blue Shield of North Carolina,Blue Cross and Blue Shield of North Carolina,3.5,3,3.5-Star — Near Threshold,Does NOT earn Quality Bonus Payment
UnitedHealthcare,"UnitedHealth Group, Inc.",3.5,Not enough,3.5-Star — Near Threshold,Does NOT earn Quality Bonus Payment
Florida Blue,Guidewell Mutual Holding Corporation,3.5,4,3.5-Star — Near Threshold,Does NOT earn Quality Bonus Payment
Wellcare,Centene Corporation,3.5,3,3.5-Star — Near Threshold,Does NOT earn Quality Bonus Payment
Fallon Health,"Fallon Community Health Plan, Inc.",3.5,3,3.5-Star — Near Threshold,Does NOT earn Quality Bonus Payment
Medica,Medica Holding Company,3.5,4,3.5-Star — Near Threshold,Does NOT earn Quality Bonus Payment
Braven Health,"Horizon Mutual Holdings, Inc",3.5,4,3.5-Star — Near Threshold,Does NOT earn Quality Bonus Payment
Wellpoint,"Elevance Health, Inc.",3.5,Not enough,3.5-Star — Near Threshold,Does NOT earn Quality Bonus Payment
"Imperial Health Plan of California, Inc.",Imperial Health Plan of California,3.5,Not enough,3.5-Star — Near Threshold,Does NOT earn Quality Bonus Payment
Wellcare by Allwell,Centene Corporation,3.5,3,3.5-Star — Near Threshold,Does NOT earn Quality Bonus Payment
Baylor Scott & White Health Plan,Baylor Scott & White Holdings,3.5,5,3.5-Star — Near Threshold,Does NOT earn Quality Bonus Payment
Humana,Humana Inc.,3.5,4,3.5-Star — Near Threshold,Does NOT earn Quality Bonus Payment
Wellcare,Centene Corporation,3.5,4,3.5-Star — Near Threshold,Does NOT earn Quality Bonus Payment
Wellcare by Allwell,Centene Corporation,3.5,3,3.5-Star — Near Threshold,Does NOT earn Quality Bonus Payment
VNS Health Medicare,Visiting Nurse Service of New York,3.5,2,3.5-Star — Near Threshold,Does NOT earn Quality Bonus Payment
Health New England Medicare Advantage Plans,"Baystate Health, Inc.",3.5,3,3.5-Star — Near Threshold,Does NOT earn Quality Bonus Payment
SCAN Health Plan,SCAN Group,3.5,2,3.5-Star — Near Threshold,Does NOT earn Quality Bonus Payment
UnitedHealthcare,"UnitedHealth Group, Inc.",3.5,3,3.5-Star — Near Threshold,Does NOT earn Quality Bonus Payment
Wellcare by Allwell,Centene Corporation,3.5,2,3.5-Star — Near Threshold,Does NOT earn Quality Bonus Payment
Aetna Medicare,CVS Health Corporation,3.5,3,3.5-Star — Near Threshold,Does NOT earn Quality Bonus Payment
Devoted Health,"Devoted Health, Inc.",3.5,3,3.5-Star — Near Threshold,Does NOT earn Quality Bonus Payment
Wellpoint,"Elevance Health, Inc.",3.5,Not enough,3.5-Star — Near Threshold,Does NOT earn Quality Bonus Payment
Wellcare by Fidelis Care,Centene Corporation,3.5,3,3.5-Star — Near Threshold,Does NOT earn Quality Bonus Payment
Elevate Medicare Advantage,Denver Health and Hospital Authority,3.5,3,3.5-Star — Near Threshold,Does NOT earn Quality Bonus Payment
Humana,Humana Inc.,3.5,3,3.5-Star — Near Threshold,Does NOT earn Quality Bonus Payment
"Blue Cross and Blue Shield of IL, NM",Health Care Service Corporation,3.5,3,3.5-Star — Near Threshold,Does NOT earn Quality Bonus Payment
Wellcare,Centene Corporation,3.5,4,3.5-Star — Near Threshold,Does NOT earn Quality Bonus Payment
Aetna Medicare,CVS Health Corporation,3.5,3,3.5-Star — Near Threshold,Does NOT earn Quality Bonus Payment
Health New England Medicare Advantage Plans,"Baystate Health, Inc.",3.5,3,3.5-Star — Near Threshold,Does NOT earn Quality Bonus Payment
"Blue Cross and Blue Shield of OK, TX",Health Care Service Corporation,3.5,Not enough,3.5-Star — Near Threshold,Does NOT earn Quality Bonus Payment
Blue Cross and Blue Shield of Illinois,Health Care Service Corporation,3.5,4,3.5-Star — Near Threshold,Does NOT earn Quality Bonus Payment
Humana,Humana Inc.,3.5,3,3.5-Star — Near Threshold,Does NOT earn Quality Bonus Payment
Molina Healthcare of California,"Molina Healthcare, Inc.",3.5,Not enough,3.5-Star — Near Threshold,Does NOT earn Quality Bonus Payment
Florida Blue HMO,Guidewell Mutual Holding Corporation,3.5,4,3.5-Star — Near Threshold,Does NOT earn Quality Bonus Payment
CHRISTUS Health Advantage,CHRISTUS Health,3.5,5,3.5-Star — Near Threshold,Does NOT earn Quality Bonus Payment
Wellcare,Centene Corporation,3.5,4,3.5-Star — Near Threshold,Does NOT earn Quality Bonus Payment
Banner Medicare Advantage,Banner Health,3.5,3,3.5-Star — Near Threshold,Does NOT earn Quality Bonus Payment
AHF,AIDS Healthcare Foundation,3.5,3,3.5-Star — Near Threshold,Does NOT earn Quality Bonus Payment
Anthem Blue Cross and Blue Shield,"Elevance Health, Inc.",3.5,3,3.5-Star — Near Threshold,Does NOT earn Quality Bonus Payment
CareOregon Advantage,"CareOregon, Inc.",3.5,2,3.5-Star — Near Threshold,Does NOT earn Quality Bonus Payment
Horizon Blue Cross Blue Shield of New Jersey,"Horizon Mutual Holdings, Inc",3.5,3,3.5-Star — Near Threshold,Does NOT earn Quality Bonus Payment
UnitedHealthcare,"UnitedHealth Group, Inc.",3.5,4,3.5-Star — Near Threshold,Does NOT earn Quality Bonus Payment
Regence BlueShield of Idaho,"Cambia Health Solutions, Inc.",3.5,3,3.5-Star — Near Threshold,Does NOT earn Quality Bonus Payment
Blue Shield of California,"California Physicians' Service",3.5,Not enough,3.5-Star — Near Threshold,Does NOT earn Quality Bonus Payment
"UCare's MSHO",UCare Minnesota,3.5,3,3.5-Star — Near Threshold,Does NOT earn Quality Bonus Payment
Blue Cross of Idaho,"Gemstone Holdings, Inc.",3.5,3,3.5-Star — Near Threshold,Does NOT earn Quality Bonus Payment
Blue Plus,"Aware Integrated, Inc.",3.5,3,3.5-Star — Near Threshold,Does NOT earn Quality Bonus Payment
UnitedHealthcare,"UnitedHealth Group, Inc.",3.5,3,3.5-Star — Near Threshold,Does NOT earn Quality Bonus Payment
Blue Cross and Blue Shield of Texas,Health Care Service Corporation,3.5,3,3.5-Star — Near Threshold,Does NOT earn Quality Bonus Payment
Signature Advantage (HMO SNP),"SA Plan, LLC",3.5,Not enough,3.5-Star — Near Threshold,Does NOT earn Quality Bonus Payment
UCare,UCare Minnesota,3.5,4,3.5-Star — Near Threshold,Does NOT earn Quality Bonus Payment
Clover Health,"Clover Health Holdings, Inc.",3.5,2,3.5-Star — Near Threshold,Does NOT earn Quality Bonus Payment
Humana,Humana Inc.,3.5,4,3.5-Star — Near Threshold,Does NOT earn Quality Bonus Payment
Wellcare,Centene Corporation,3.5,4,3.5-Star — Near Threshold,Does NOT earn Quality Bonus Payment
EmblemHealth,"EmblemHealth, Inc.",3.5,Not enough,3.5-Star — Near Threshold,Does NOT earn Quality Bonus Payment
Health Alliance Medicare,The Carle Foundation,3.5,4,3.5-Star — Near Threshold,Does NOT earn Quality Bonus Payment
Wellcare by Allwell,Centene Corporation,3.5,Not enough,3.5-Star — Near Threshold,Does NOT earn Quality Bonus Payment
Anthem Blue Cross and Blue Shield,"Elevance Health, Inc.",3.5,3,3.5-Star — Near Threshold,Does NOT earn Quality Bonus Payment
Longevity Health Plan,"Longevity Health Founders, LLC",3.5,Not enough,3.5-Star — Near Threshold,Does NOT earn Quality Bonus Payment
Arkansas Blue Medicare,USAble Mutual Insurance Company,3.5,4,3.5-Star — Near Threshold,Does NOT earn Quality Bonus Payment
Blue Cross Blue Shield of Massachusetts,"Blue Cross and Blue Shield of Massachusetts, Inc.",3.5,3,3.5-Star — Near Threshold,Does NOT earn Quality Bonus Payment
UnitedHealthcare,"UnitedHealth Group, Inc.",3.5,3,3.5-Star — Near Threshold,Does NOT earn Quality Bonus Payment
Select Health,"Intermountain Health Care, Inc.",3.5,4,3.5-Star — Near Threshold,Does NOT earn Quality Bonus Payment
UnitedHealthcare,"UnitedHealth Group, Inc.",3.5,4,3.5-Star — Near Threshold,Does NOT earn Quality Bonus Payment
iCare,Humana Inc.,3.5,3,3.5-Star — Near Threshold,Does NOT earn Quality Bonus Payment
Blue Cross Blue Shield of Massachusetts,"Blue Cross and Blue Shield of Massachusetts, Inc.",3.5,3,3.5-Star — Near Threshold,Does NOT earn Quality Bonus Payment
Mass Advantage,Central Mass Health Holding LLC,3.5,4,3.5-Star — Near Threshold,Does NOT earn Quality Bonus Payment
Wellcare by Allwell,Centene Corporation,3.5,3,3.5-Star — Near Threshold,Does NOT earn Quality Bonus Payment
CareSource,CareSource,3.5,3,3.5-Star — Near Threshold,Does NOT earn Quality Bonus Payment
Wellcare by Allwell,Centene Corporation,3.5,Not enough,3.5-Star — Near Threshold,Does NOT earn Quality Bonus Payment
Blue Cross and Blue Shield of Louisiana,Louisiana Health Service & Indemnity Company,3.5,4,3.5-Star — Near Threshold,Does NOT earn Quality Bonus Payment
UnitedHealthcare,"UnitedHealth Group, Inc.",3.5,3,3.5-Star — Near Threshold,Does NOT earn Quality Bonus Payment
Commonwealth Care Alliance Massachusetts,"Commonwealth Care Alliance, Inc.",3.5,4,3.5-Star — Near Threshold,Does NOT earn Quality Bonus Payment
Devoted Health,"Devoted Health, Inc.",3.5,3,3.5-Star — Near Threshold,Does NOT earn Quality Bonus Payment
Wellcare,Centene Corporation,3.5,4,3.5-Star — Near Threshold,Does NOT earn Quality Bonus Payment
Senior Whole Health,"Molina Healthcare, Inc.",3.5,2,3.5-Star — Near Threshold,Does NOT earn Quality Bonus Payment
Humana,Humana Inc.,3.5,4,3.5-Star — Near Threshold,Does NOT earn Quality Bonus Payment
UnitedHealthcare,"UnitedHealth Group, Inc.",3.5,3,3.5-Star — Near Threshold,Does NOT earn Quality Bonus Payment
VISTA Health Plan Inc.,"Independence Health Group, Inc.",3.5,4,3.5-Star — Near Threshold,Does NOT earn Quality Bonus Payment
Passport Advantage,"Molina Healthcare, Inc.",3.5,4,3.5-Star — Near Threshold,Does NOT earn Quality Bonus Payment
UnitedHealthcare,"UnitedHealth Group, Inc.",3.5,4,3.5-Star — Near Threshold,Does NOT earn Quality Bonus Payment
SCAN Health Plan,SCAN Group,3.5,Not enough,3.5-Star — Near Threshold,Does NOT earn Quality Bonus Payment
CareFirst BlueCross BlueShield Medicare Advantage,"CareFirst, Inc.",3.5,4,3.5-Star — Near Threshold,Does NOT earn Quality Bonus Payment
Wellcare,Centene Corporation,3.5,4,3.5-Star — Near Threshold,Does NOT earn Quality Bonus Payment
Wellcare,Centene Corporation,3.5,3,3.5-Star — Near Threshold,Does NOT earn Quality Bonus Payment
Vermont Blue Advantage,Blue Cross Blue Shield of Michigan Mutual Ins. Co.,3.5,3,3.5-Star — Near Threshold,Does NOT earn Quality Bonus Payment
Indiana University Health Plans,Indiana University Health,3.5,4,3.5-Star — Near Threshold,Does NOT earn Quality Bonus Payment
Centers Plan for Healthy Living,"Centers Plan for Healthy Living, LLC",3.5,4,3.5-Star — Near Threshold,Does NOT earn Quality Bonus Payment
Wellcare,Centene Corporation,3.5,Not enough,3.5-Star — Near Threshold,Does NOT earn Quality Bonus Payment
Healthy Blue,"Elevance Health, Inc.",3.5,4,3.5-Star — Near Threshold,Does NOT earn Quality Bonus Payment
Aetna Medicare,CVS Health Corporation,3.5,2,3.5-Star — Near Threshold,Does NOT earn Quality Bonus Payment
Blue Cross and Blue Shield of Kansas,Blue Cross Blue Shield of Kansas,3.5,4,3.5-Star — Near Threshold,Does NOT earn Quality Bonus Payment
Anthem Blue Cross and Blue Shield,"Elevance Health, Inc.",3.5,3,3.5-Star — Near Threshold,Does NOT earn Quality Bonus Payment
Memorial Hermann Health Plan,Memorial Hermann Health System,3.5,4,3.5-Star — Near Threshold,Does NOT earn Quality Bonus Payment
Wellpoint,"Elevance Health, Inc.",3.5,4,3.5-Star — Near Threshold,Does NOT earn Quality Bonus Payment
Wellcare,Centene Corporation,3,3,3-Star — Below Threshold,Does NOT earn Quality Bonus Payment
Aetna Medicare,CVS Health Corporation,3,2,3-Star — Below Threshold,Does NOT earn Quality Bonus Payment
Cigna Healthcare,The Cigna Group,3,2,3-Star — Below Threshold,Does NOT earn Quality Bonus Payment
Wellcare,Centene Corporation,3,3,3-Star — Below Threshold,Does NOT earn Quality Bonus Payment
ATRIO Health Plans,ATRIO Health Plans,3,3,3-Star — Below Threshold,Does NOT earn Quality Bonus Payment
Devoted Health,"Devoted Health, Inc.",3,3,3-Star — Below Threshold,Does NOT earn Quality Bonus Payment
Wellcare,Centene Corporation,3,3,3-Star — Below Threshold,Does NOT earn Quality Bonus Payment
Wellcare,Centene Corporation,3,3,3-Star — Below Threshold,Does NOT earn Quality Bonus Payment
Humana,Humana Inc.,3,3,3-Star — Below Threshold,Does NOT earn Quality Bonus Payment
Wellcare,Centene Corporation,3,4,3-Star — Below Threshold,Does NOT earn Quality Bonus Payment
Wellcare,Centene Corporation,3,4,3-Star — Below Threshold,Does NOT earn Quality Bonus Payment
Anthem Blue Cross and Blue Shield,"Elevance Health, Inc.",3,Not enough,3-Star — Below Threshold,Does NOT earn Quality Bonus Payment
Anthem Blue Cross Partnership Plan,"Elevance Health, Inc.",3,Plan too n,3-Star — Below Threshold,Does NOT earn Quality Bonus Payment
Wellcare,Centene Corporation,3,2,3-Star — Below Threshold,Does NOT earn Quality Bonus Payment
Humana,Humana Inc.,3,3,3-Star — Below Threshold,Does NOT earn Quality Bonus Payment
UnitedHealthcare,"UnitedHealth Group, Inc.",3,3,3-Star — Below Threshold,Does NOT earn Quality Bonus Payment
Wellcare by Health Net,Centene Corporation,3,2,3-Star — Below Threshold,Does NOT earn Quality Bonus Payment
ATRIO Health Plans,ATRIO Health Plans,3,3,3-Star — Below Threshold,Does NOT earn Quality Bonus Payment
VillageCareMAX,"Village Care of New York, Inc.",3,2,3-Star — Below Threshold,Does NOT earn Quality Bonus Payment
Wellcare by Allwell,Centene Corporation,3,3,3-Star — Below Threshold,Does NOT earn Quality Bonus Payment
Aetna Better Health of New Jersey,CVS Health Corporation,3,3,3-Star — Below Threshold,Does NOT earn Quality Bonus Payment
Santa Clara Family Health Plan,SANTA CLARA COUNTY HEALTH AUTHORITY,3,1,3-Star — Below Threshold,Does NOT earn Quality Bonus Payment
Healthfirst Medicare Plan,"Healthfirst, Inc.",3,3,3-Star — Below Threshold,Does NOT earn Quality Bonus Payment
Clever Care Health Plan,"Clever Care Health Plan, Inc.",3,Not enough,3-Star — Below Threshold,Does NOT earn Quality Bonus Payment
"Blue Cross and Blue Shield of NM, TX",Health Care Service Corporation,3,3,3-Star — Below Threshold,Does NOT earn Quality Bonus Payment
Wellcare by Allwell,Centene Corporation,3,3,3-Star — Below Threshold,Does NOT earn Quality Bonus Payment
McLaren Medicare,McLaren Health Care Corporation,3,3,3-Star — Below Threshold,Does NOT earn Quality Bonus Payment
"Molina Healthcare of Texas, Inc.","Molina Healthcare, Inc.",3,3,3-Star — Below Threshold,Does NOT earn Quality Bonus Payment
Regence BlueCross BlueShield of Oregon,"Cambia Health Solutions, Inc.",3,2,3-Star — Below Threshold,Does NOT earn Quality Bonus Payment
Medica,Medica Holding Company,3,4,3-Star — Below Threshold,Does NOT earn Quality Bonus Payment
Aetna Better Health of Virginia,CVS Health Corporation,3,3,3-Star — Below Threshold,Does NOT earn Quality Bonus Payment
Cigna Healthcare,The Cigna Group,3,3,3-Star — Below Threshold,Does NOT earn Quality Bonus Payment
Blue Medicare Advantage,"Elevance Health, Inc.",3,4,3-Star — Below Threshold,Does NOT earn Quality Bonus Payment
HEALTH PLAN OF SAN MATEO,Health Plan of San Mateo,3,2,3-Star — Below Threshold,Does NOT earn Quality Bonus Payment
ATRIO Health Plans,ATRIO Health Plans,3,2,3-Star — Below Threshold,Does NOT earn Quality Bonus Payment
Wellpoint,"Elevance Health, Inc.",3,2,3-Star — Below Threshold,Does NOT earn Quality Bonus Payment
Healthfirst Medicare Plan,"Healthfirst, Inc.",3,2,3-Star — Below Threshold,Does NOT earn Quality Bonus Payment
AlohaCare,AlohaCare,3,3,3-Star — Below Threshold,Does NOT earn Quality Bonus Payment
Johns Hopkins Advantage MD,Johns Hopkins Healthcare LLC,3,3,3-Star — Below Threshold,Does NOT earn Quality Bonus Payment
Wellcare,Centene Corporation,3,3,3-Star — Below Threshold,Does NOT earn Quality Bonus Payment
South Country Health Alliance,South Country Health Alliance,3,3,3-Star — Below Threshold,Does NOT earn Quality Bonus Payment
"Martin's Point Generations Advantage","Martin's Point Health Care, Inc.",3,4,3-Star — Below Threshold,Does NOT earn Quality Bonus Payment
VillageHealth,SCAN Group,3,Not enough,3-Star — Below Threshold,Does NOT earn Quality Bonus Payment
UCare,UCare Minnesota,3,3,3-Star — Below Threshold,Does NOT earn Quality Bonus Payment
Molina Healthcare of Michigan,"Molina Healthcare, Inc.",3,2,3-Star — Below Threshold,Does NOT earn Quality Bonus Payment
Molina Healthcare of South Carolina,"Molina Healthcare, Inc.",3,3,3-Star — Below Threshold,Does NOT earn Quality Bonus Payment
Johns Hopkins Advantage MD,Johns Hopkins Healthcare LLC,3,2,3-Star — Below Threshold,Does NOT earn Quality Bonus Payment
L.A. Care Health Plan,Local Initiative Health Authority for LA County,3,2,3-Star — Below Threshold,Does NOT earn Quality Bonus Payment
Medica,Medica Holding Company,3,3,3-Star — Below Threshold,Does NOT earn Quality Bonus Payment
Humana,Humana Inc.,3,3,3-Star — Below Threshold,Does NOT earn Quality Bonus Payment
Wellpoint,"Elevance Health, Inc.",3,3,3-Star — Below Threshold,Does NOT earn Quality Bonus Payment
Tufts Health Plan,"Point32Health, Inc.",3,2,3-Star — Below Threshold,Does NOT earn Quality Bonus Payment
Community Health Plan of WA Medicare Advantage,Community Health Plan of Washington,3,2,3-Star — Below Threshold,Does NOT earn Quality Bonus Payment
Wellcare,Centene Corporation,3,3,3-Star — Below Threshold,Does NOT earn Quality Bonus Payment
"Molina Healthcare of Washington, Inc.","Molina Healthcare, Inc.",3,1,3-Star — Below Threshold,Does NOT earn Quality Bonus Payment
Anthem Blue Cross and Blue Shield,"Elevance Health, Inc.",3,3,3-Star — Below Threshold,Does NOT earn Quality Bonus Payment
Wellcare,Centene Corporation,3,2,3-Star — Below Threshold,Does NOT earn Quality Bonus Payment
Anthem Blue Cross Life and Health Insurance Compan,"Elevance Health, Inc.",3,Not enough,3-Star — Below Threshold,Does NOT earn Quality Bonus Payment
Wellcare,Centene Corporation,3,Not enough,3-Star — Below Threshold,Does NOT earn Quality Bonus Payment
Wellcare,Centene Corporation,3,2,3-Star — Below Threshold,Does NOT earn Quality Bonus Payment
Sentara Medicare,Sentara Health Care (SHC),3,3,3-Star — Below Threshold,Does NOT earn Quality Bonus Payment
UnitedHealthcare,"UnitedHealth Group, Inc.",3,3,3-Star — Below Threshold,Does NOT earn Quality Bonus Payment
UnitedHealthcare,"UnitedHealth Group, Inc.",3,3,3-Star — Below Threshold,Does NOT earn Quality Bonus Payment
Molina Healthcare of Utah & Idaho,"Molina Healthcare, Inc.",3,3,3-Star — Below Threshold,Does NOT earn Quality Bonus Payment
Primewell Health Services,Louisiana Health Service & Indemnity Company,3,Not enough,3-Star — Below Threshold,Does NOT earn Quality Bonus Payment
Aspire Health,Montage Health,3,2,3-Star — Below Threshold,Does NOT earn Quality Bonus Payment
BCBSAZ Health Choice,Blue Cross Blue Shield of Arizona,3,2,3-Star — Below Threshold,Does NOT earn Quality Bonus Payment
Samaritan Advantage Health Plans,Samaritan Health Services,3,2,3-Star — Below Threshold,Does NOT earn Quality Bonus Payment
Wellcare,Centene Corporation,3,Not enough,3-Star — Below Threshold,Does NOT earn Quality Bonus Payment
Regence BlueShield,"Cambia Health Solutions, Inc.",3,2,3-Star — Below Threshold,Does NOT earn Quality Bonus Payment
Anthem Blue Cross and Blue Shield,"Elevance Health, Inc.",3,3,3-Star — Below Threshold,Does NOT earn Quality Bonus Payment
Wellcare,Centene Corporation,3,3,3-Star — Below Threshold,Does NOT earn Quality Bonus Payment
CareFirst BlueCross BlueShield Medicare Advantage,"CareFirst, Inc.",3,3,3-Star — Below Threshold,Does NOT earn Quality Bonus Payment
Shared Health Dual Plus,BlueCross BlueShield of Tennessee,3,3,3-Star — Below Threshold,Does NOT earn Quality Bonus Payment
Wellcare,Centene Corporation,3,3,3-Star — Below Threshold,Does NOT earn Quality Bonus Payment
IEHP DualChoice,INLAND EMPIRE HEALTH PLAN,3,3,3-Star — Below Threshold,Does NOT earn Quality Bonus Payment
Humana,Humana Inc.,3,Not enough,3-Star — Below Threshold,Does NOT earn Quality Bonus Payment
Wellcare by Allwell,Centene Corporation,3,Not enough,3-Star — Below Threshold,Does NOT earn Quality Bonus Payment
Wellcare by Health Net,Centene Corporation,3,2,3-Star — Below Threshold,Does NOT earn Quality Bonus Payment
UnitedHealthcare,"UnitedHealth Group, Inc.",3,3,3-Star — Below Threshold,Does NOT earn Quality Bonus Payment
AllCare Advantage,"AllCare Health, Inc.",3,3,3-Star — Below Threshold,Does NOT earn Quality Bonus Payment
Community Health Group,Community Health Group,3,2,3-Star — Below Threshold,Does NOT earn Quality Bonus Payment
Wellcare,Centene Corporation,3,3,3-Star — Below Threshold,Does NOT earn Quality Bonus Payment
Wellcare by Health Net,Centene Corporation,3,2,3-Star — Below Threshold,Does NOT earn Quality Bonus Payment
AMH Health,"Elevance Health, Inc.",3,2,3-Star — Below Threshold,Does NOT earn Quality Bonus Payment
Anthem Blue Cross,"Elevance Health, Inc.",3,1,3-Star — Below Threshold,Does NOT earn Quality Bonus Payment
Clear Spring Health,Group 1001,3,Not enough,3-Star — Below Threshold,Does NOT earn Quality Bonus Payment
Cigna Healthcare,The Cigna Group,3,3,3-Star — Below Threshold,Does NOT earn Quality Bonus Payment
Wellcare by Allwell,Centene Corporation,3,3,3-Star — Below Threshold,Does NOT earn Quality Bonus Payment
Presbyterian Health Plan,Presbyterian Healthcare Services,3,3,3-Star — Below Threshold,Does NOT earn Quality Bonus Payment
AMH Health,"Elevance Health, Inc.",3,3,3-Star — Below Threshold,Does NOT earn Quality Bonus Payment
Blue Cross and Blue Shield of New Mexico,Health Care Service Corporation,3,2,3-Star — Below Threshold,Does NOT earn Quality Bonus Payment
Wellcare,Centene Corporation,3,2,3-Star — Below Threshold,Does NOT earn Quality Bonus Payment
Wellcare by Allwell,Centene Corporation,3,3,3-Star — Below Threshold,Does NOT earn Quality Bonus Payment
Aetna Medicare,CVS Health Corporation,3,2,3-Star — Below Threshold,Does NOT earn Quality Bonus Payment
Cigna Healthcare,The Cigna Group,3,3,3-Star — Below Threshold,Does NOT earn Quality Bonus Payment
UnitedHealthcare,"UnitedHealth Group, Inc.",3,Not enough,3-Star — Below Threshold,Does NOT earn Quality Bonus Payment
UnitedHealthcare,"UnitedHealth Group, Inc.",3,1,3-Star — Below Threshold,Does NOT earn Quality Bonus Payment
Aetna Medicare,CVS Health Corporation,3,2,3-Star — Below Threshold,Does NOT earn Quality Bonus Payment
Humana,Humana Inc.,3,3,3-Star — Below Threshold,Does NOT earn Quality Bonus Payment
Wellcare,Centene Corporation,3,Not enough,3-Star — Below Threshold,Does NOT earn Quality Bonus Payment
Molina Healthcare of Ohio,"Molina Healthcare, Inc.",3,3,3-Star — Below Threshold,Does NOT earn Quality Bonus Payment
Arkansas Blue Medicare,USAble Mutual Insurance Company,3,4,3-Star — Below Threshold,Does NOT earn Quality Bonus Payment
"Blue Cross and Blue Shield of OK, TX",Health Care Service Corporation,3,3,3-Star — Below Threshold,Does NOT earn Quality Bonus Payment
MetroPlus Health Plan,New York City Health and Hospitals Corporation,3,Not enough,3-Star — Below Threshold,Does NOT earn Quality Bonus Payment
Wellcare by Allwell,Centene Corporation,3,2,3-Star — Below Threshold,Does NOT earn Quality Bonus Payment
Asuris Northwest Health,"Cambia Health Solutions, Inc.",3,3,3-Star — Below Threshold,Does NOT earn Quality Bonus Payment
Regence BlueShield,"Cambia Health Solutions, Inc.",3,2,3-Star — Below Threshold,Does NOT earn Quality Bonus Payment
Blue Cross and Blue Shield of Texas,Health Care Service Corporation,3,3,3-Star — Below Threshold,Does NOT earn Quality Bonus Payment
UnitedHealthcare,"UnitedHealth Group, Inc.",3,2,3-Star — Below Threshold,Does NOT earn Quality Bonus Payment
Aetna Medicare,CVS Health Corporation,3,2,3-Star — Below Threshold,Does NOT earn Quality Bonus Payment
Mass Advantage,Central Mass Health Holding LLC,3,3,3-Star — Below Threshold,Does NOT earn Quality Bonus Payment
UnitedHealthcare,"UnitedHealth Group, Inc.",3,3,3-Star — Below Threshold,Does NOT earn Quality Bonus Payment
Anthem Blue Cross and Blue Shield,"Elevance Health, Inc.",3,3,3-Star — Below Threshold,Does NOT earn Quality Bonus Payment
Wellcare by Trillium,Centene Corporation,3,Not enough,3-Star — Below Threshold,Does NOT earn Quality Bonus Payment
Wellcare,Centene Corporation,2.5,Not enough,2.5 or Below — At Risk,Does NOT earn Quality Bonus Payment
Blue Shield of California,"California Physicians' Service",2.5,1,2.5 or Below — At Risk,Does NOT earn Quality Bonus Payment
Aetna Medicare,CVS Health Corporation,2.5,1,2.5 or Below — At Risk,Does NOT earn Quality Bonus Payment
Wellcare by Health Net,Centene Corporation,2.5,Not enough,2.5 or Below — At Risk,Does NOT earn Quality Bonus Payment
Medica,Medica Holding Company,2.5,2,2.5 or Below — At Risk,Does NOT earn Quality Bonus Payment
Anthem Blue Cross and Blue Shield,"Elevance Health, Inc.",2.5,3,2.5 or Below — At Risk,Does NOT earn Quality Bonus Payment
CCHP (Chinese Community Health Plan),Chinese Hospital Association,2.5,1,2.5 or Below — At Risk,Does NOT earn Quality Bonus Payment
CalOptima Health OneCare,Orange County Health Authority,2.5,1,2.5 or Below — At Risk,Does NOT earn Quality Bonus Payment
Cigna Healthcare,The Cigna Group,2.5,2,2.5 or Below — At Risk,Does NOT earn Quality Bonus Payment
Mercy Care Advantage,Mercy Care,2.5,2,2.5 or Below — At Risk,Does NOT earn Quality Bonus Payment
ATRIO Health Plans,ATRIO Health Plans,2.5,2,2.5 or Below — At Risk,Does NOT earn Quality Bonus Payment
Central Health Medicare Plan,"Molina Healthcare, Inc.",2.5,1,2.5 or Below — At Risk,Does NOT earn Quality Bonus Payment
Wellcare,Centene Corporation,2.5,Not enough,2.5 or Below — At Risk,Does NOT earn Quality Bonus Payment
Molina Healthcare of Virginia,"Molina Healthcare, Inc.",2.5,3,2.5 or Below — At Risk,Does NOT earn Quality Bonus Payment
Cigna Healthcare,The Cigna Group,2.5,Not enough,2.5 or Below — At Risk,Does NOT earn Quality Bonus Payment
Provider Partners Health Plans,"Rifkin Managed Care Holding, LLC",2.5,Not enough,2.5 or Below — At Risk,Does NOT earn Quality Bonus Payment
WellSense Health Plan,"BMC Health System, Inc.",2.5,1,2.5 or Below — At Risk,Does NOT earn Quality Bonus Payment
Wellcare,Centene Corporation,2.5,3,2.5 or Below — At Risk,Does NOT earn Quality Bonus Payment
Wellpoint,"Elevance Health, Inc.",2.5,Not enough,2.5 or Below — At Risk,Does NOT earn Quality Bonus Payment
"Hamaspik, Inc.","Hamaspik of Rockland County, Inc.",2.5,2,2.5 or Below — At Risk,Does NOT earn Quality Bonus Payment
Wellcare,Centene Corporation,2.5,2,2.5 or Below — At Risk,Does NOT earn Quality Bonus Payment
Zing Health,"Zing Health Consolidator, Inc",2,1,2.5 or Below — At Risk,Does NOT earn Quality Bonus Payment